dataset,subject,session,task,label,complete_multimodal,required_channels_available,analysis_eligible,primary_cohort,available_eeg_channel_count,missing_required_channels,eeg_path,channels_path,ecg_path,pupil_path,events_path
bbbd_experiment3,sub-01,ses-01,stim01,1,True,True,True,False,64,,sub-01/ses-01/eeg/sub-01_ses-01_task-stim01_eeg.bdf,sub-01/ses-01/eeg/sub-01_ses-01_task-stim01_channels.tsv,sub-01/ses-01/beh/sub-01_ses-01_task-stim01_recording-ecg_physio.tsv.gz,sub-01/ses-01/eyetrack/sub-01_ses-01_task-stim01_pupil_eyetrack.tsv.gz,sub-01/ses-01/eeg/sub-01_ses-01_task-stim01_events.tsv
bbbd_experiment3,sub-01,ses-01,stim02,1,True,True,True,False,64,,sub-01/ses-01/eeg/sub-01_ses-01_task-stim02_eeg.bdf,sub-01/ses-01/eeg/sub-01_ses-01_task-stim02_channels.tsv,sub-01/ses-01/beh/sub-01_ses-01_task-stim02_recording-ecg_physio.tsv.gz,sub-01/ses-01/eyetrack/sub-01_ses-01_task-stim02_pupil_eyetrack.tsv.gz,sub-01/ses-01/eeg/sub-01_ses-01_task-stim02_events.tsv
bbbd_experiment3,sub-01,ses-01,stim03,1,True,True,True,False,64,,sub-01/ses-01/eeg/sub-01_ses-01_task-stim03_eeg.bdf,sub-01/ses-01/eeg/sub-01_ses-01_task-stim03_channels.tsv,sub-01/ses-01/beh/sub-01_ses-01_task-stim03_recording-ecg_physio.tsv.gz,sub-01/ses-01/eyetrack/sub-01_ses-01_task-stim03_pupil_eyetrack.tsv.gz,sub-01/ses-01/eeg/sub-01_ses-01_task-stim03_events.tsv
bbbd_experiment3,sub-01,ses-01,stim05,1,True,True,True,False,64,,sub-01/ses-01/eeg/sub-01_ses-01_task-stim05_eeg.bdf,sub-01/ses-01/eeg/sub-01_ses-01_task-stim05_channels.tsv,sub-01/ses-01/beh/sub-01_ses-01_task-stim05_recording-ecg_physio.tsv.gz,sub-01/ses-01/eyetrack/sub-01_ses-01_task-stim05_pupil_eyetrack.tsv.gz,sub-01/ses-01/eeg/sub-01_ses-01_task-stim05_events.tsv
bbbd_experiment3,sub-01,ses-02,stim01,0,False,True,False,False,64,,sub-01/ses-02/eeg/sub-01_ses-02_task-stim01_eeg.bdf,sub-01/ses-02/eeg/sub-01_ses-02_task-stim01_channels.tsv,sub-01/ses-02/beh/sub-01_ses-02_task-stim01_recording-ecg_physio.tsv.gz,,sub-01/ses-02/eeg/sub-01_ses-02_task-stim01_events.tsv
bbbd_experiment3,sub-01,ses-02,stim02,0,False,True,False,False,64,,sub-01/ses-02/eeg/sub-01_ses-02_task-stim02_eeg.bdf,sub-01/ses-02/eeg/sub-01_ses-02_task-stim02_channels.tsv,sub-01/ses-02/beh/sub-01_ses-02_task-stim02_recording-ecg_physio.tsv.gz,,sub-01/ses-02/eeg/sub-01_ses-02_task-stim02_events.tsv
bbbd_experiment3,sub-01,ses-02,stim03,0,False,True,False,False,64,,sub-01/ses-02/eeg/sub-01_ses-02_task-stim03_eeg.bdf,sub-01/ses-02/eeg/sub-01_ses-02_task-stim03_channels.tsv,sub-01/ses-02/beh/sub-01_ses-02_task-stim03_recording-ecg_physio.tsv.gz,,sub-01/ses-02/eeg/sub-01_ses-02_task-stim03_events.tsv
bbbd_experiment3,sub-01,ses-02,stim04,0,False,True,False,False,64,,sub-01/ses-02/eeg/sub-01_ses-02_task-stim04_eeg.bdf,sub-01/ses-02/eeg/sub-01_ses-02_task-stim04_channels.tsv,sub-01/ses-02/beh/sub-01_ses-02_task-stim04_recording-ecg_physio.tsv.gz,,sub-01/ses-02/eeg/sub-01_ses-02_task-stim04_events.tsv
bbbd_experiment3,sub-01,ses-02,stim05,0,False,True,False,False,64,,sub-01/ses-02/eeg/sub-01_ses-02_task-stim05_eeg.bdf,sub-01/ses-02/eeg/sub-01_ses-02_task-stim05_channels.tsv,sub-01/ses-02/beh/sub-01_ses-02_task-stim05_recording-ecg_physio.tsv.gz,,sub-01/ses-02/eeg/sub-01_ses-02_task-stim05_events.tsv
bbbd_experiment3,sub-01,ses-02,stim06,0,False,True,False,False,64,,sub-01/ses-02/eeg/sub-01_ses-02_task-stim06_eeg.bdf,sub-01/ses-02/eeg/sub-01_ses-02_task-stim06_channels.tsv,sub-01/ses-02/beh/sub-01_ses-02_task-stim06_recording-ecg_physio.tsv.gz,,sub-01/ses-02/eeg/sub-01_ses-02_task-stim06_events.tsv
bbbd_experiment3,sub-02,ses-01,stim01,1,True,True,True,True,64,,sub-02/ses-01/eeg/sub-02_ses-01_task-stim01_eeg.bdf,sub-02/ses-01/eeg/sub-02_ses-01_task-stim01_channels.tsv,sub-02/ses-01/beh/sub-02_ses-01_task-stim01_recording-ecg_physio.tsv.gz,sub-02/ses-01/eyetrack/sub-02_ses-01_task-stim01_pupil_eyetrack.tsv.gz,sub-02/ses-01/eeg/sub-02_ses-01_task-stim01_events.tsv
bbbd_experiment3,sub-02,ses-01,stim02,1,True,True,True,True,64,,sub-02/ses-01/eeg/sub-02_ses-01_task-stim02_eeg.bdf,sub-02/ses-01/eeg/sub-02_ses-01_task-stim02_channels.tsv,sub-02/ses-01/beh/sub-02_ses-01_task-stim02_recording-ecg_physio.tsv.gz,sub-02/ses-01/eyetrack/sub-02_ses-01_task-stim02_pupil_eyetrack.tsv.gz,sub-02/ses-01/eeg/sub-02_ses-01_task-stim02_events.tsv
bbbd_experiment3,sub-02,ses-01,stim03,1,True,True,True,True,64,,sub-02/ses-01/eeg/sub-02_ses-01_task-stim03_eeg.bdf,sub-02/ses-01/eeg/sub-02_ses-01_task-stim03_channels.tsv,sub-02/ses-01/beh/sub-02_ses-01_task-stim03_recording-ecg_physio.tsv.gz,sub-02/ses-01/eyetrack/sub-02_ses-01_task-stim03_pupil_eyetrack.tsv.gz,sub-02/ses-01/eeg/sub-02_ses-01_task-stim03_events.tsv
bbbd_experiment3,sub-02,ses-01,stim04,1,True,True,True,True,64,,sub-02/ses-01/eeg/sub-02_ses-01_task-stim04_eeg.bdf,sub-02/ses-01/eeg/sub-02_ses-01_task-stim04_channels.tsv,sub-02/ses-01/beh/sub-02_ses-01_task-stim04_recording-ecg_physio.tsv.gz,sub-02/ses-01/eyetrack/sub-02_ses-01_task-stim04_pupil_eyetrack.tsv.gz,sub-02/ses-01/eeg/sub-02_ses-01_task-stim04_events.tsv
bbbd_experiment3,sub-02,ses-01,stim05,1,True,True,True,True,64,,sub-02/ses-01/eeg/sub-02_ses-01_task-stim05_eeg.bdf,sub-02/ses-01/eeg/sub-02_ses-01_task-stim05_channels.tsv,sub-02/ses-01/beh/sub-02_ses-01_task-stim05_recording-ecg_physio.tsv.gz,sub-02/ses-01/eyetrack/sub-02_ses-01_task-stim05_pupil_eyetrack.tsv.gz,sub-02/ses-01/eeg/sub-02_ses-01_task-stim05_events.tsv
bbbd_experiment3,sub-02,ses-01,stim06,1,True,True,True,True,64,,sub-02/ses-01/eeg/sub-02_ses-01_task-stim06_eeg.bdf,sub-02/ses-01/eeg/sub-02_ses-01_task-stim06_channels.tsv,sub-02/ses-01/beh/sub-02_ses-01_task-stim06_recording-ecg_physio.tsv.gz,sub-02/ses-01/eyetrack/sub-02_ses-01_task-stim06_pupil_eyetrack.tsv.gz,sub-02/ses-01/eeg/sub-02_ses-01_task-stim06_events.tsv
bbbd_experiment3,sub-02,ses-02,stim01,0,True,True,True,True,64,,sub-02/ses-02/eeg/sub-02_ses-02_task-stim01_eeg.bdf,sub-02/ses-02/eeg/sub-02_ses-02_task-stim01_channels.tsv,sub-02/ses-02/beh/sub-02_ses-02_task-stim01_recording-ecg_physio.tsv.gz,sub-02/ses-02/eyetrack/sub-02_ses-02_task-stim01_pupil_eyetrack.tsv.gz,sub-02/ses-02/eeg/sub-02_ses-02_task-stim01_events.tsv
bbbd_experiment3,sub-02,ses-02,stim02,0,True,True,True,True,64,,sub-02/ses-02/eeg/sub-02_ses-02_task-stim02_eeg.bdf,sub-02/ses-02/eeg/sub-02_ses-02_task-stim02_channels.tsv,sub-02/ses-02/beh/sub-02_ses-02_task-stim02_recording-ecg_physio.tsv.gz,sub-02/ses-02/eyetrack/sub-02_ses-02_task-stim02_pupil_eyetrack.tsv.gz,sub-02/ses-02/eeg/sub-02_ses-02_task-stim02_events.tsv
bbbd_experiment3,sub-02,ses-02,stim03,0,True,True,True,True,64,,sub-02/ses-02/eeg/sub-02_ses-02_task-stim03_eeg.bdf,sub-02/ses-02/eeg/sub-02_ses-02_task-stim03_channels.tsv,sub-02/ses-02/beh/sub-02_ses-02_task-stim03_recording-ecg_physio.tsv.gz,sub-02/ses-02/eyetrack/sub-02_ses-02_task-stim03_pupil_eyetrack.tsv.gz,sub-02/ses-02/eeg/sub-02_ses-02_task-stim03_events.tsv
bbbd_experiment3,sub-02,ses-02,stim04,0,True,True,True,True,64,,sub-02/ses-02/eeg/sub-02_ses-02_task-stim04_eeg.bdf,sub-02/ses-02/eeg/sub-02_ses-02_task-stim04_channels.tsv,sub-02/ses-02/beh/sub-02_ses-02_task-stim04_recording-ecg_physio.tsv.gz,sub-02/ses-02/eyetrack/sub-02_ses-02_task-stim04_pupil_eyetrack.tsv.gz,sub-02/ses-02/eeg/sub-02_ses-02_task-stim04_events.tsv
bbbd_experiment3,sub-02,ses-02,stim05,0,True,True,True,True,64,,sub-02/ses-02/eeg/sub-02_ses-02_task-stim05_eeg.bdf,sub-02/ses-02/eeg/sub-02_ses-02_task-stim05_channels.tsv,sub-02/ses-02/beh/sub-02_ses-02_task-stim05_recording-ecg_physio.tsv.gz,sub-02/ses-02/eyetrack/sub-02_ses-02_task-stim05_pupil_eyetrack.tsv.gz,sub-02/ses-02/eeg/sub-02_ses-02_task-stim05_events.tsv
bbbd_experiment3,sub-02,ses-02,stim06,0,True,True,True,True,64,,sub-02/ses-02/eeg/sub-02_ses-02_task-stim06_eeg.bdf,sub-02/ses-02/eeg/sub-02_ses-02_task-stim06_channels.tsv,sub-02/ses-02/beh/sub-02_ses-02_task-stim06_recording-ecg_physio.tsv.gz,sub-02/ses-02/eyetrack/sub-02_ses-02_task-stim06_pupil_eyetrack.tsv.gz,sub-02/ses-02/eeg/sub-02_ses-02_task-stim06_events.tsv
bbbd_experiment3,sub-03,ses-01,stim01,1,False,False,False,False,0,AF7;Fp1;Fpz;Fp2;AF8;O1;POz;O2,,,sub-03/ses-01/beh/sub-03_ses-01_task-stim01_recording-ecg_physio.tsv.gz,,
bbbd_experiment3,sub-03,ses-01,stim02,1,True,True,True,False,64,,sub-03/ses-01/eeg/sub-03_ses-01_task-stim02_eeg.bdf,sub-03/ses-01/eeg/sub-03_ses-01_task-stim02_channels.tsv,sub-03/ses-01/beh/sub-03_ses-01_task-stim02_recording-ecg_physio.tsv.gz,sub-03/ses-01/eyetrack/sub-03_ses-01_task-stim02_pupil_eyetrack.tsv.gz,sub-03/ses-01/eeg/sub-03_ses-01_task-stim02_events.tsv
bbbd_experiment3,sub-03,ses-01,stim03,1,True,True,True,False,64,,sub-03/ses-01/eeg/sub-03_ses-01_task-stim03_eeg.bdf,sub-03/ses-01/eeg/sub-03_ses-01_task-stim03_channels.tsv,sub-03/ses-01/beh/sub-03_ses-01_task-stim03_recording-ecg_physio.tsv.gz,sub-03/ses-01/eyetrack/sub-03_ses-01_task-stim03_pupil_eyetrack.tsv.gz,sub-03/ses-01/eeg/sub-03_ses-01_task-stim03_events.tsv
bbbd_experiment3,sub-03,ses-01,stim04,1,True,True,True,False,64,,sub-03/ses-01/eeg/sub-03_ses-01_task-stim04_eeg.bdf,sub-03/ses-01/eeg/sub-03_ses-01_task-stim04_channels.tsv,sub-03/ses-01/beh/sub-03_ses-01_task-stim04_recording-ecg_physio.tsv.gz,sub-03/ses-01/eyetrack/sub-03_ses-01_task-stim04_pupil_eyetrack.tsv.gz,sub-03/ses-01/eeg/sub-03_ses-01_task-stim04_events.tsv
bbbd_experiment3,sub-03,ses-01,stim05,1,True,True,True,False,64,,sub-03/ses-01/eeg/sub-03_ses-01_task-stim05_eeg.bdf,sub-03/ses-01/eeg/sub-03_ses-01_task-stim05_channels.tsv,sub-03/ses-01/beh/sub-03_ses-01_task-stim05_recording-ecg_physio.tsv.gz,sub-03/ses-01/eyetrack/sub-03_ses-01_task-stim05_pupil_eyetrack.tsv.gz,sub-03/ses-01/eeg/sub-03_ses-01_task-stim05_events.tsv
bbbd_experiment3,sub-03,ses-01,stim06,1,True,True,True,False,64,,sub-03/ses-01/eeg/sub-03_ses-01_task-stim06_eeg.bdf,sub-03/ses-01/eeg/sub-03_ses-01_task-stim06_channels.tsv,sub-03/ses-01/beh/sub-03_ses-01_task-stim06_recording-ecg_physio.tsv.gz,sub-03/ses-01/eyetrack/sub-03_ses-01_task-stim06_pupil_eyetrack.tsv.gz,sub-03/ses-01/eeg/sub-03_ses-01_task-stim06_events.tsv
bbbd_experiment3,sub-03,ses-02,stim01,0,True,True,True,False,64,,sub-03/ses-02/eeg/sub-03_ses-02_task-stim01_eeg.bdf,sub-03/ses-02/eeg/sub-03_ses-02_task-stim01_channels.tsv,sub-03/ses-02/beh/sub-03_ses-02_task-stim01_recording-ecg_physio.tsv.gz,sub-03/ses-02/eyetrack/sub-03_ses-02_task-stim01_pupil_eyetrack.tsv.gz,sub-03/ses-02/eeg/sub-03_ses-02_task-stim01_events.tsv
bbbd_experiment3,sub-03,ses-02,stim02,0,True,True,True,False,64,,sub-03/ses-02/eeg/sub-03_ses-02_task-stim02_eeg.bdf,sub-03/ses-02/eeg/sub-03_ses-02_task-stim02_channels.tsv,sub-03/ses-02/beh/sub-03_ses-02_task-stim02_recording-ecg_physio.tsv.gz,sub-03/ses-02/eyetrack/sub-03_ses-02_task-stim02_pupil_eyetrack.tsv.gz,sub-03/ses-02/eeg/sub-03_ses-02_task-stim02_events.tsv
bbbd_experiment3,sub-03,ses-02,stim03,0,True,True,True,False,64,,sub-03/ses-02/eeg/sub-03_ses-02_task-stim03_eeg.bdf,sub-03/ses-02/eeg/sub-03_ses-02_task-stim03_channels.tsv,sub-03/ses-02/beh/sub-03_ses-02_task-stim03_recording-ecg_physio.tsv.gz,sub-03/ses-02/eyetrack/sub-03_ses-02_task-stim03_pupil_eyetrack.tsv.gz,sub-03/ses-02/eeg/sub-03_ses-02_task-stim03_events.tsv
bbbd_experiment3,sub-03,ses-02,stim04,0,True,True,True,False,64,,sub-03/ses-02/eeg/sub-03_ses-02_task-stim04_eeg.bdf,sub-03/ses-02/eeg/sub-03_ses-02_task-stim04_channels.tsv,sub-03/ses-02/beh/sub-03_ses-02_task-stim04_recording-ecg_physio.tsv.gz,sub-03/ses-02/eyetrack/sub-03_ses-02_task-stim04_pupil_eyetrack.tsv.gz,sub-03/ses-02/eeg/sub-03_ses-02_task-stim04_events.tsv
bbbd_experiment3,sub-03,ses-02,stim05,0,True,True,True,False,64,,sub-03/ses-02/eeg/sub-03_ses-02_task-stim05_eeg.bdf,sub-03/ses-02/eeg/sub-03_ses-02_task-stim05_channels.tsv,sub-03/ses-02/beh/sub-03_ses-02_task-stim05_recording-ecg_physio.tsv.gz,sub-03/ses-02/eyetrack/sub-03_ses-02_task-stim05_pupil_eyetrack.tsv.gz,sub-03/ses-02/eeg/sub-03_ses-02_task-stim05_events.tsv
bbbd_experiment3,sub-04,ses-01,stim01,1,True,True,True,True,64,,sub-04/ses-01/eeg/sub-04_ses-01_task-stim01_eeg.bdf,sub-04/ses-01/eeg/sub-04_ses-01_task-stim01_channels.tsv,sub-04/ses-01/beh/sub-04_ses-01_task-stim01_recording-ecg_physio.tsv.gz,sub-04/ses-01/eyetrack/sub-04_ses-01_task-stim01_pupil_eyetrack.tsv.gz,sub-04/ses-01/eeg/sub-04_ses-01_task-stim01_events.tsv
bbbd_experiment3,sub-04,ses-01,stim02,1,True,True,True,True,64,,sub-04/ses-01/eeg/sub-04_ses-01_task-stim02_eeg.bdf,sub-04/ses-01/eeg/sub-04_ses-01_task-stim02_channels.tsv,sub-04/ses-01/beh/sub-04_ses-01_task-stim02_recording-ecg_physio.tsv.gz,sub-04/ses-01/eyetrack/sub-04_ses-01_task-stim02_pupil_eyetrack.tsv.gz,sub-04/ses-01/eeg/sub-04_ses-01_task-stim02_events.tsv
bbbd_experiment3,sub-04,ses-01,stim03,1,True,True,True,True,64,,sub-04/ses-01/eeg/sub-04_ses-01_task-stim03_eeg.bdf,sub-04/ses-01/eeg/sub-04_ses-01_task-stim03_channels.tsv,sub-04/ses-01/beh/sub-04_ses-01_task-stim03_recording-ecg_physio.tsv.gz,sub-04/ses-01/eyetrack/sub-04_ses-01_task-stim03_pupil_eyetrack.tsv.gz,sub-04/ses-01/eeg/sub-04_ses-01_task-stim03_events.tsv
bbbd_experiment3,sub-04,ses-01,stim04,1,True,True,True,True,64,,sub-04/ses-01/eeg/sub-04_ses-01_task-stim04_eeg.bdf,sub-04/ses-01/eeg/sub-04_ses-01_task-stim04_channels.tsv,sub-04/ses-01/beh/sub-04_ses-01_task-stim04_recording-ecg_physio.tsv.gz,sub-04/ses-01/eyetrack/sub-04_ses-01_task-stim04_pupil_eyetrack.tsv.gz,sub-04/ses-01/eeg/sub-04_ses-01_task-stim04_events.tsv
bbbd_experiment3,sub-04,ses-01,stim05,1,True,True,True,True,64,,sub-04/ses-01/eeg/sub-04_ses-01_task-stim05_eeg.bdf,sub-04/ses-01/eeg/sub-04_ses-01_task-stim05_channels.tsv,sub-04/ses-01/beh/sub-04_ses-01_task-stim05_recording-ecg_physio.tsv.gz,sub-04/ses-01/eyetrack/sub-04_ses-01_task-stim05_pupil_eyetrack.tsv.gz,sub-04/ses-01/eeg/sub-04_ses-01_task-stim05_events.tsv
bbbd_experiment3,sub-04,ses-01,stim06,1,True,True,True,True,64,,sub-04/ses-01/eeg/sub-04_ses-01_task-stim06_eeg.bdf,sub-04/ses-01/eeg/sub-04_ses-01_task-stim06_channels.tsv,sub-04/ses-01/beh/sub-04_ses-01_task-stim06_recording-ecg_physio.tsv.gz,sub-04/ses-01/eyetrack/sub-04_ses-01_task-stim06_pupil_eyetrack.tsv.gz,sub-04/ses-01/eeg/sub-04_ses-01_task-stim06_events.tsv
bbbd_experiment3,sub-04,ses-02,stim01,0,True,True,True,True,64,,sub-04/ses-02/eeg/sub-04_ses-02_task-stim01_eeg.bdf,sub-04/ses-02/eeg/sub-04_ses-02_task-stim01_channels.tsv,sub-04/ses-02/beh/sub-04_ses-02_task-stim01_recording-ecg_physio.tsv.gz,sub-04/ses-02/eyetrack/sub-04_ses-02_task-stim01_pupil_eyetrack.tsv.gz,sub-04/ses-02/eeg/sub-04_ses-02_task-stim01_events.tsv
bbbd_experiment3,sub-04,ses-02,stim02,0,True,True,True,True,64,,sub-04/ses-02/eeg/sub-04_ses-02_task-stim02_eeg.bdf,sub-04/ses-02/eeg/sub-04_ses-02_task-stim02_channels.tsv,sub-04/ses-02/beh/sub-04_ses-02_task-stim02_recording-ecg_physio.tsv.gz,sub-04/ses-02/eyetrack/sub-04_ses-02_task-stim02_pupil_eyetrack.tsv.gz,sub-04/ses-02/eeg/sub-04_ses-02_task-stim02_events.tsv
bbbd_experiment3,sub-04,ses-02,stim03,0,True,True,True,True,64,,sub-04/ses-02/eeg/sub-04_ses-02_task-stim03_eeg.bdf,sub-04/ses-02/eeg/sub-04_ses-02_task-stim03_channels.tsv,sub-04/ses-02/beh/sub-04_ses-02_task-stim03_recording-ecg_physio.tsv.gz,sub-04/ses-02/eyetrack/sub-04_ses-02_task-stim03_pupil_eyetrack.tsv.gz,sub-04/ses-02/eeg/sub-04_ses-02_task-stim03_events.tsv
bbbd_experiment3,sub-04,ses-02,stim04,0,True,True,True,True,64,,sub-04/ses-02/eeg/sub-04_ses-02_task-stim04_eeg.bdf,sub-04/ses-02/eeg/sub-04_ses-02_task-stim04_channels.tsv,sub-04/ses-02/beh/sub-04_ses-02_task-stim04_recording-ecg_physio.tsv.gz,sub-04/ses-02/eyetrack/sub-04_ses-02_task-stim04_pupil_eyetrack.tsv.gz,sub-04/ses-02/eeg/sub-04_ses-02_task-stim04_events.tsv
bbbd_experiment3,sub-04,ses-02,stim05,0,True,True,True,True,64,,sub-04/ses-02/eeg/sub-04_ses-02_task-stim05_eeg.bdf,sub-04/ses-02/eeg/sub-04_ses-02_task-stim05_channels.tsv,sub-04/ses-02/beh/sub-04_ses-02_task-stim05_recording-ecg_physio.tsv.gz,sub-04/ses-02/eyetrack/sub-04_ses-02_task-stim05_pupil_eyetrack.tsv.gz,sub-04/ses-02/eeg/sub-04_ses-02_task-stim05_events.tsv
bbbd_experiment3,sub-04,ses-02,stim06,0,True,True,True,True,64,,sub-04/ses-02/eeg/sub-04_ses-02_task-stim06_eeg.bdf,sub-04/ses-02/eeg/sub-04_ses-02_task-stim06_channels.tsv,sub-04/ses-02/beh/sub-04_ses-02_task-stim06_recording-ecg_physio.tsv.gz,sub-04/ses-02/eyetrack/sub-04_ses-02_task-stim06_pupil_eyetrack.tsv.gz,sub-04/ses-02/eeg/sub-04_ses-02_task-stim06_events.tsv
bbbd_experiment3,sub-05,ses-01,stim01,1,True,True,True,False,64,,sub-05/ses-01/eeg/sub-05_ses-01_task-stim01_eeg.bdf,sub-05/ses-01/eeg/sub-05_ses-01_task-stim01_channels.tsv,sub-05/ses-01/beh/sub-05_ses-01_task-stim01_recording-ecg_physio.tsv.gz,sub-05/ses-01/eyetrack/sub-05_ses-01_task-stim01_pupil_eyetrack.tsv.gz,sub-05/ses-01/eeg/sub-05_ses-01_task-stim01_events.tsv
bbbd_experiment3,sub-05,ses-01,stim02,1,True,True,True,False,64,,sub-05/ses-01/eeg/sub-05_ses-01_task-stim02_eeg.bdf,sub-05/ses-01/eeg/sub-05_ses-01_task-stim02_channels.tsv,sub-05/ses-01/beh/sub-05_ses-01_task-stim02_recording-ecg_physio.tsv.gz,sub-05/ses-01/eyetrack/sub-05_ses-01_task-stim02_pupil_eyetrack.tsv.gz,sub-05/ses-01/eeg/sub-05_ses-01_task-stim02_events.tsv
bbbd_experiment3,sub-05,ses-01,stim03,1,True,True,True,False,64,,sub-05/ses-01/eeg/sub-05_ses-01_task-stim03_eeg.bdf,sub-05/ses-01/eeg/sub-05_ses-01_task-stim03_channels.tsv,sub-05/ses-01/beh/sub-05_ses-01_task-stim03_recording-ecg_physio.tsv.gz,sub-05/ses-01/eyetrack/sub-05_ses-01_task-stim03_pupil_eyetrack.tsv.gz,sub-05/ses-01/eeg/sub-05_ses-01_task-stim03_events.tsv
bbbd_experiment3,sub-05,ses-01,stim05,1,True,True,True,False,64,,sub-05/ses-01/eeg/sub-05_ses-01_task-stim05_eeg.bdf,sub-05/ses-01/eeg/sub-05_ses-01_task-stim05_channels.tsv,sub-05/ses-01/beh/sub-05_ses-01_task-stim05_recording-ecg_physio.tsv.gz,sub-05/ses-01/eyetrack/sub-05_ses-01_task-stim05_pupil_eyetrack.tsv.gz,sub-05/ses-01/eeg/sub-05_ses-01_task-stim05_events.tsv
bbbd_experiment3,sub-05,ses-01,stim06,1,True,True,True,False,64,,sub-05/ses-01/eeg/sub-05_ses-01_task-stim06_eeg.bdf,sub-05/ses-01/eeg/sub-05_ses-01_task-stim06_channels.tsv,sub-05/ses-01/beh/sub-05_ses-01_task-stim06_recording-ecg_physio.tsv.gz,sub-05/ses-01/eyetrack/sub-05_ses-01_task-stim06_pupil_eyetrack.tsv.gz,sub-05/ses-01/eeg/sub-05_ses-01_task-stim06_events.tsv
bbbd_experiment3,sub-05,ses-02,stim01,0,True,True,True,False,64,,sub-05/ses-02/eeg/sub-05_ses-02_task-stim01_eeg.bdf,sub-05/ses-02/eeg/sub-05_ses-02_task-stim01_channels.tsv,sub-05/ses-02/beh/sub-05_ses-02_task-stim01_recording-ecg_physio.tsv.gz,sub-05/ses-02/eyetrack/sub-05_ses-02_task-stim01_pupil_eyetrack.tsv.gz,sub-05/ses-02/eeg/sub-05_ses-02_task-stim01_events.tsv
bbbd_experiment3,sub-05,ses-02,stim02,0,True,True,True,False,64,,sub-05/ses-02/eeg/sub-05_ses-02_task-stim02_eeg.bdf,sub-05/ses-02/eeg/sub-05_ses-02_task-stim02_channels.tsv,sub-05/ses-02/beh/sub-05_ses-02_task-stim02_recording-ecg_physio.tsv.gz,sub-05/ses-02/eyetrack/sub-05_ses-02_task-stim02_pupil_eyetrack.tsv.gz,sub-05/ses-02/eeg/sub-05_ses-02_task-stim02_events.tsv
bbbd_experiment3,sub-05,ses-02,stim04,0,True,True,True,False,64,,sub-05/ses-02/eeg/sub-05_ses-02_task-stim04_eeg.bdf,sub-05/ses-02/eeg/sub-05_ses-02_task-stim04_channels.tsv,sub-05/ses-02/beh/sub-05_ses-02_task-stim04_recording-ecg_physio.tsv.gz,sub-05/ses-02/eyetrack/sub-05_ses-02_task-stim04_pupil_eyetrack.tsv.gz,sub-05/ses-02/eeg/sub-05_ses-02_task-stim04_events.tsv
bbbd_experiment3,sub-05,ses-02,stim06,0,True,True,True,False,64,,sub-05/ses-02/eeg/sub-05_ses-02_task-stim06_eeg.bdf,sub-05/ses-02/eeg/sub-05_ses-02_task-stim06_channels.tsv,sub-05/ses-02/beh/sub-05_ses-02_task-stim06_recording-ecg_physio.tsv.gz,sub-05/ses-02/eyetrack/sub-05_ses-02_task-stim06_pupil_eyetrack.tsv.gz,sub-05/ses-02/eeg/sub-05_ses-02_task-stim06_events.tsv
bbbd_experiment3,sub-06,ses-01,stim01,1,True,True,True,True,64,,sub-06/ses-01/eeg/sub-06_ses-01_task-stim01_eeg.bdf,sub-06/ses-01/eeg/sub-06_ses-01_task-stim01_channels.tsv,sub-06/ses-01/beh/sub-06_ses-01_task-stim01_recording-ecg_physio.tsv.gz,sub-06/ses-01/eyetrack/sub-06_ses-01_task-stim01_pupil_eyetrack.tsv.gz,sub-06/ses-01/eeg/sub-06_ses-01_task-stim01_events.tsv
bbbd_experiment3,sub-06,ses-01,stim02,1,True,True,True,True,64,,sub-06/ses-01/eeg/sub-06_ses-01_task-stim02_eeg.bdf,sub-06/ses-01/eeg/sub-06_ses-01_task-stim02_channels.tsv,sub-06/ses-01/beh/sub-06_ses-01_task-stim02_recording-ecg_physio.tsv.gz,sub-06/ses-01/eyetrack/sub-06_ses-01_task-stim02_pupil_eyetrack.tsv.gz,sub-06/ses-01/eeg/sub-06_ses-01_task-stim02_events.tsv
bbbd_experiment3,sub-06,ses-01,stim03,1,True,True,True,True,64,,sub-06/ses-01/eeg/sub-06_ses-01_task-stim03_eeg.bdf,sub-06/ses-01/eeg/sub-06_ses-01_task-stim03_channels.tsv,sub-06/ses-01/beh/sub-06_ses-01_task-stim03_recording-ecg_physio.tsv.gz,sub-06/ses-01/eyetrack/sub-06_ses-01_task-stim03_pupil_eyetrack.tsv.gz,sub-06/ses-01/eeg/sub-06_ses-01_task-stim03_events.tsv
bbbd_experiment3,sub-06,ses-01,stim04,1,True,True,True,True,64,,sub-06/ses-01/eeg/sub-06_ses-01_task-stim04_eeg.bdf,sub-06/ses-01/eeg/sub-06_ses-01_task-stim04_channels.tsv,sub-06/ses-01/beh/sub-06_ses-01_task-stim04_recording-ecg_physio.tsv.gz,sub-06/ses-01/eyetrack/sub-06_ses-01_task-stim04_pupil_eyetrack.tsv.gz,sub-06/ses-01/eeg/sub-06_ses-01_task-stim04_events.tsv
bbbd_experiment3,sub-06,ses-01,stim05,1,True,True,True,True,64,,sub-06/ses-01/eeg/sub-06_ses-01_task-stim05_eeg.bdf,sub-06/ses-01/eeg/sub-06_ses-01_task-stim05_channels.tsv,sub-06/ses-01/beh/sub-06_ses-01_task-stim05_recording-ecg_physio.tsv.gz,sub-06/ses-01/eyetrack/sub-06_ses-01_task-stim05_pupil_eyetrack.tsv.gz,sub-06/ses-01/eeg/sub-06_ses-01_task-stim05_events.tsv
bbbd_experiment3,sub-06,ses-01,stim06,1,True,True,True,True,64,,sub-06/ses-01/eeg/sub-06_ses-01_task-stim06_eeg.bdf,sub-06/ses-01/eeg/sub-06_ses-01_task-stim06_channels.tsv,sub-06/ses-01/beh/sub-06_ses-01_task-stim06_recording-ecg_physio.tsv.gz,sub-06/ses-01/eyetrack/sub-06_ses-01_task-stim06_pupil_eyetrack.tsv.gz,sub-06/ses-01/eeg/sub-06_ses-01_task-stim06_events.tsv
bbbd_experiment3,sub-06,ses-02,stim01,0,True,True,True,True,64,,sub-06/ses-02/eeg/sub-06_ses-02_task-stim01_eeg.bdf,sub-06/ses-02/eeg/sub-06_ses-02_task-stim01_channels.tsv,sub-06/ses-02/beh/sub-06_ses-02_task-stim01_recording-ecg_physio.tsv.gz,sub-06/ses-02/eyetrack/sub-06_ses-02_task-stim01_pupil_eyetrack.tsv.gz,sub-06/ses-02/eeg/sub-06_ses-02_task-stim01_events.tsv
bbbd_experiment3,sub-06,ses-02,stim02,0,True,True,True,True,64,,sub-06/ses-02/eeg/sub-06_ses-02_task-stim02_eeg.bdf,sub-06/ses-02/eeg/sub-06_ses-02_task-stim02_channels.tsv,sub-06/ses-02/beh/sub-06_ses-02_task-stim02_recording-ecg_physio.tsv.gz,sub-06/ses-02/eyetrack/sub-06_ses-02_task-stim02_pupil_eyetrack.tsv.gz,sub-06/ses-02/eeg/sub-06_ses-02_task-stim02_events.tsv
bbbd_experiment3,sub-06,ses-02,stim03,0,True,True,True,True,64,,sub-06/ses-02/eeg/sub-06_ses-02_task-stim03_eeg.bdf,sub-06/ses-02/eeg/sub-06_ses-02_task-stim03_channels.tsv,sub-06/ses-02/beh/sub-06_ses-02_task-stim03_recording-ecg_physio.tsv.gz,sub-06/ses-02/eyetrack/sub-06_ses-02_task-stim03_pupil_eyetrack.tsv.gz,sub-06/ses-02/eeg/sub-06_ses-02_task-stim03_events.tsv
bbbd_experiment3,sub-06,ses-02,stim04,0,True,True,True,True,64,,sub-06/ses-02/eeg/sub-06_ses-02_task-stim04_eeg.bdf,sub-06/ses-02/eeg/sub-06_ses-02_task-stim04_channels.tsv,sub-06/ses-02/beh/sub-06_ses-02_task-stim04_recording-ecg_physio.tsv.gz,sub-06/ses-02/eyetrack/sub-06_ses-02_task-stim04_pupil_eyetrack.tsv.gz,sub-06/ses-02/eeg/sub-06_ses-02_task-stim04_events.tsv
bbbd_experiment3,sub-06,ses-02,stim05,0,True,True,True,True,64,,sub-06/ses-02/eeg/sub-06_ses-02_task-stim05_eeg.bdf,sub-06/ses-02/eeg/sub-06_ses-02_task-stim05_channels.tsv,sub-06/ses-02/beh/sub-06_ses-02_task-stim05_recording-ecg_physio.tsv.gz,sub-06/ses-02/eyetrack/sub-06_ses-02_task-stim05_pupil_eyetrack.tsv.gz,sub-06/ses-02/eeg/sub-06_ses-02_task-stim05_events.tsv
bbbd_experiment3,sub-06,ses-02,stim06,0,True,True,True,True,64,,sub-06/ses-02/eeg/sub-06_ses-02_task-stim06_eeg.bdf,sub-06/ses-02/eeg/sub-06_ses-02_task-stim06_channels.tsv,sub-06/ses-02/beh/sub-06_ses-02_task-stim06_recording-ecg_physio.tsv.gz,sub-06/ses-02/eyetrack/sub-06_ses-02_task-stim06_pupil_eyetrack.tsv.gz,sub-06/ses-02/eeg/sub-06_ses-02_task-stim06_events.tsv
bbbd_experiment3,sub-07,ses-01,stim01,1,True,True,True,True,64,,sub-07/ses-01/eeg/sub-07_ses-01_task-stim01_eeg.bdf,sub-07/ses-01/eeg/sub-07_ses-01_task-stim01_channels.tsv,sub-07/ses-01/beh/sub-07_ses-01_task-stim01_recording-ecg_physio.tsv.gz,sub-07/ses-01/eyetrack/sub-07_ses-01_task-stim01_pupil_eyetrack.tsv.gz,sub-07/ses-01/eeg/sub-07_ses-01_task-stim01_events.tsv
bbbd_experiment3,sub-07,ses-01,stim02,1,True,True,True,True,64,,sub-07/ses-01/eeg/sub-07_ses-01_task-stim02_eeg.bdf,sub-07/ses-01/eeg/sub-07_ses-01_task-stim02_channels.tsv,sub-07/ses-01/beh/sub-07_ses-01_task-stim02_recording-ecg_physio.tsv.gz,sub-07/ses-01/eyetrack/sub-07_ses-01_task-stim02_pupil_eyetrack.tsv.gz,sub-07/ses-01/eeg/sub-07_ses-01_task-stim02_events.tsv
bbbd_experiment3,sub-07,ses-01,stim03,1,True,True,True,True,64,,sub-07/ses-01/eeg/sub-07_ses-01_task-stim03_eeg.bdf,sub-07/ses-01/eeg/sub-07_ses-01_task-stim03_channels.tsv,sub-07/ses-01/beh/sub-07_ses-01_task-stim03_recording-ecg_physio.tsv.gz,sub-07/ses-01/eyetrack/sub-07_ses-01_task-stim03_pupil_eyetrack.tsv.gz,sub-07/ses-01/eeg/sub-07_ses-01_task-stim03_events.tsv
bbbd_experiment3,sub-07,ses-01,stim04,1,True,True,True,True,64,,sub-07/ses-01/eeg/sub-07_ses-01_task-stim04_eeg.bdf,sub-07/ses-01/eeg/sub-07_ses-01_task-stim04_channels.tsv,sub-07/ses-01/beh/sub-07_ses-01_task-stim04_recording-ecg_physio.tsv.gz,sub-07/ses-01/eyetrack/sub-07_ses-01_task-stim04_pupil_eyetrack.tsv.gz,sub-07/ses-01/eeg/sub-07_ses-01_task-stim04_events.tsv
bbbd_experiment3,sub-07,ses-01,stim05,1,True,True,True,True,64,,sub-07/ses-01/eeg/sub-07_ses-01_task-stim05_eeg.bdf,sub-07/ses-01/eeg/sub-07_ses-01_task-stim05_channels.tsv,sub-07/ses-01/beh/sub-07_ses-01_task-stim05_recording-ecg_physio.tsv.gz,sub-07/ses-01/eyetrack/sub-07_ses-01_task-stim05_pupil_eyetrack.tsv.gz,sub-07/ses-01/eeg/sub-07_ses-01_task-stim05_events.tsv
bbbd_experiment3,sub-07,ses-01,stim06,1,True,True,True,True,64,,sub-07/ses-01/eeg/sub-07_ses-01_task-stim06_eeg.bdf,sub-07/ses-01/eeg/sub-07_ses-01_task-stim06_channels.tsv,sub-07/ses-01/beh/sub-07_ses-01_task-stim06_recording-ecg_physio.tsv.gz,sub-07/ses-01/eyetrack/sub-07_ses-01_task-stim06_pupil_eyetrack.tsv.gz,sub-07/ses-01/eeg/sub-07_ses-01_task-stim06_events.tsv
bbbd_experiment3,sub-07,ses-02,stim01,0,True,True,True,True,64,,sub-07/ses-02/eeg/sub-07_ses-02_task-stim01_eeg.bdf,sub-07/ses-02/eeg/sub-07_ses-02_task-stim01_channels.tsv,sub-07/ses-02/beh/sub-07_ses-02_task-stim01_recording-ecg_physio.tsv.gz,sub-07/ses-02/eyetrack/sub-07_ses-02_task-stim01_pupil_eyetrack.tsv.gz,sub-07/ses-02/eeg/sub-07_ses-02_task-stim01_events.tsv
bbbd_experiment3,sub-07,ses-02,stim02,0,True,True,True,True,64,,sub-07/ses-02/eeg/sub-07_ses-02_task-stim02_eeg.bdf,sub-07/ses-02/eeg/sub-07_ses-02_task-stim02_channels.tsv,sub-07/ses-02/beh/sub-07_ses-02_task-stim02_recording-ecg_physio.tsv.gz,sub-07/ses-02/eyetrack/sub-07_ses-02_task-stim02_pupil_eyetrack.tsv.gz,sub-07/ses-02/eeg/sub-07_ses-02_task-stim02_events.tsv
bbbd_experiment3,sub-07,ses-02,stim03,0,True,True,True,True,64,,sub-07/ses-02/eeg/sub-07_ses-02_task-stim03_eeg.bdf,sub-07/ses-02/eeg/sub-07_ses-02_task-stim03_channels.tsv,sub-07/ses-02/beh/sub-07_ses-02_task-stim03_recording-ecg_physio.tsv.gz,sub-07/ses-02/eyetrack/sub-07_ses-02_task-stim03_pupil_eyetrack.tsv.gz,sub-07/ses-02/eeg/sub-07_ses-02_task-stim03_events.tsv
bbbd_experiment3,sub-07,ses-02,stim04,0,True,True,True,True,64,,sub-07/ses-02/eeg/sub-07_ses-02_task-stim04_eeg.bdf,sub-07/ses-02/eeg/sub-07_ses-02_task-stim04_channels.tsv,sub-07/ses-02/beh/sub-07_ses-02_task-stim04_recording-ecg_physio.tsv.gz,sub-07/ses-02/eyetrack/sub-07_ses-02_task-stim04_pupil_eyetrack.tsv.gz,sub-07/ses-02/eeg/sub-07_ses-02_task-stim04_events.tsv
bbbd_experiment3,sub-07,ses-02,stim05,0,True,True,True,True,64,,sub-07/ses-02/eeg/sub-07_ses-02_task-stim05_eeg.bdf,sub-07/ses-02/eeg/sub-07_ses-02_task-stim05_channels.tsv,sub-07/ses-02/beh/sub-07_ses-02_task-stim05_recording-ecg_physio.tsv.gz,sub-07/ses-02/eyetrack/sub-07_ses-02_task-stim05_pupil_eyetrack.tsv.gz,sub-07/ses-02/eeg/sub-07_ses-02_task-stim05_events.tsv
bbbd_experiment3,sub-07,ses-02,stim06,0,True,True,True,True,64,,sub-07/ses-02/eeg/sub-07_ses-02_task-stim06_eeg.bdf,sub-07/ses-02/eeg/sub-07_ses-02_task-stim06_channels.tsv,sub-07/ses-02/beh/sub-07_ses-02_task-stim06_recording-ecg_physio.tsv.gz,sub-07/ses-02/eyetrack/sub-07_ses-02_task-stim06_pupil_eyetrack.tsv.gz,sub-07/ses-02/eeg/sub-07_ses-02_task-stim06_events.tsv
bbbd_experiment3,sub-09,ses-01,stim01,1,True,True,True,True,64,,sub-09/ses-01/eeg/sub-09_ses-01_task-stim01_eeg.bdf,sub-09/ses-01/eeg/sub-09_ses-01_task-stim01_channels.tsv,sub-09/ses-01/beh/sub-09_ses-01_task-stim01_recording-ecg_physio.tsv.gz,sub-09/ses-01/eyetrack/sub-09_ses-01_task-stim01_pupil_eyetrack.tsv.gz,sub-09/ses-01/eeg/sub-09_ses-01_task-stim01_events.tsv
bbbd_experiment3,sub-09,ses-01,stim02,1,True,True,True,True,64,,sub-09/ses-01/eeg/sub-09_ses-01_task-stim02_eeg.bdf,sub-09/ses-01/eeg/sub-09_ses-01_task-stim02_channels.tsv,sub-09/ses-01/beh/sub-09_ses-01_task-stim02_recording-ecg_physio.tsv.gz,sub-09/ses-01/eyetrack/sub-09_ses-01_task-stim02_pupil_eyetrack.tsv.gz,sub-09/ses-01/eeg/sub-09_ses-01_task-stim02_events.tsv
bbbd_experiment3,sub-09,ses-01,stim03,1,True,True,True,True,64,,sub-09/ses-01/eeg/sub-09_ses-01_task-stim03_eeg.bdf,sub-09/ses-01/eeg/sub-09_ses-01_task-stim03_channels.tsv,sub-09/ses-01/beh/sub-09_ses-01_task-stim03_recording-ecg_physio.tsv.gz,sub-09/ses-01/eyetrack/sub-09_ses-01_task-stim03_pupil_eyetrack.tsv.gz,sub-09/ses-01/eeg/sub-09_ses-01_task-stim03_events.tsv
bbbd_experiment3,sub-09,ses-01,stim04,1,True,True,True,True,64,,sub-09/ses-01/eeg/sub-09_ses-01_task-stim04_eeg.bdf,sub-09/ses-01/eeg/sub-09_ses-01_task-stim04_channels.tsv,sub-09/ses-01/beh/sub-09_ses-01_task-stim04_recording-ecg_physio.tsv.gz,sub-09/ses-01/eyetrack/sub-09_ses-01_task-stim04_pupil_eyetrack.tsv.gz,sub-09/ses-01/eeg/sub-09_ses-01_task-stim04_events.tsv
bbbd_experiment3,sub-09,ses-01,stim05,1,True,True,True,True,64,,sub-09/ses-01/eeg/sub-09_ses-01_task-stim05_eeg.bdf,sub-09/ses-01/eeg/sub-09_ses-01_task-stim05_channels.tsv,sub-09/ses-01/beh/sub-09_ses-01_task-stim05_recording-ecg_physio.tsv.gz,sub-09/ses-01/eyetrack/sub-09_ses-01_task-stim05_pupil_eyetrack.tsv.gz,sub-09/ses-01/eeg/sub-09_ses-01_task-stim05_events.tsv
bbbd_experiment3,sub-09,ses-01,stim06,1,True,True,True,True,64,,sub-09/ses-01/eeg/sub-09_ses-01_task-stim06_eeg.bdf,sub-09/ses-01/eeg/sub-09_ses-01_task-stim06_channels.tsv,sub-09/ses-01/beh/sub-09_ses-01_task-stim06_recording-ecg_physio.tsv.gz,sub-09/ses-01/eyetrack/sub-09_ses-01_task-stim06_pupil_eyetrack.tsv.gz,sub-09/ses-01/eeg/sub-09_ses-01_task-stim06_events.tsv
bbbd_experiment3,sub-09,ses-02,stim01,0,True,True,True,True,64,,sub-09/ses-02/eeg/sub-09_ses-02_task-stim01_eeg.bdf,sub-09/ses-02/eeg/sub-09_ses-02_task-stim01_channels.tsv,sub-09/ses-02/beh/sub-09_ses-02_task-stim01_recording-ecg_physio.tsv.gz,sub-09/ses-02/eyetrack/sub-09_ses-02_task-stim01_pupil_eyetrack.tsv.gz,sub-09/ses-02/eeg/sub-09_ses-02_task-stim01_events.tsv
bbbd_experiment3,sub-09,ses-02,stim02,0,True,True,True,True,64,,sub-09/ses-02/eeg/sub-09_ses-02_task-stim02_eeg.bdf,sub-09/ses-02/eeg/sub-09_ses-02_task-stim02_channels.tsv,sub-09/ses-02/beh/sub-09_ses-02_task-stim02_recording-ecg_physio.tsv.gz,sub-09/ses-02/eyetrack/sub-09_ses-02_task-stim02_pupil_eyetrack.tsv.gz,sub-09/ses-02/eeg/sub-09_ses-02_task-stim02_events.tsv
bbbd_experiment3,sub-09,ses-02,stim03,0,True,True,True,True,64,,sub-09/ses-02/eeg/sub-09_ses-02_task-stim03_eeg.bdf,sub-09/ses-02/eeg/sub-09_ses-02_task-stim03_channels.tsv,sub-09/ses-02/beh/sub-09_ses-02_task-stim03_recording-ecg_physio.tsv.gz,sub-09/ses-02/eyetrack/sub-09_ses-02_task-stim03_pupil_eyetrack.tsv.gz,sub-09/ses-02/eeg/sub-09_ses-02_task-stim03_events.tsv
bbbd_experiment3,sub-09,ses-02,stim04,0,True,True,True,True,64,,sub-09/ses-02/eeg/sub-09_ses-02_task-stim04_eeg.bdf,sub-09/ses-02/eeg/sub-09_ses-02_task-stim04_channels.tsv,sub-09/ses-02/beh/sub-09_ses-02_task-stim04_recording-ecg_physio.tsv.gz,sub-09/ses-02/eyetrack/sub-09_ses-02_task-stim04_pupil_eyetrack.tsv.gz,sub-09/ses-02/eeg/sub-09_ses-02_task-stim04_events.tsv
bbbd_experiment3,sub-09,ses-02,stim05,0,True,True,True,True,64,,sub-09/ses-02/eeg/sub-09_ses-02_task-stim05_eeg.bdf,sub-09/ses-02/eeg/sub-09_ses-02_task-stim05_channels.tsv,sub-09/ses-02/beh/sub-09_ses-02_task-stim05_recording-ecg_physio.tsv.gz,sub-09/ses-02/eyetrack/sub-09_ses-02_task-stim05_pupil_eyetrack.tsv.gz,sub-09/ses-02/eeg/sub-09_ses-02_task-stim05_events.tsv
bbbd_experiment3,sub-09,ses-02,stim06,0,True,True,True,True,64,,sub-09/ses-02/eeg/sub-09_ses-02_task-stim06_eeg.bdf,sub-09/ses-02/eeg/sub-09_ses-02_task-stim06_channels.tsv,sub-09/ses-02/beh/sub-09_ses-02_task-stim06_recording-ecg_physio.tsv.gz,sub-09/ses-02/eyetrack/sub-09_ses-02_task-stim06_pupil_eyetrack.tsv.gz,sub-09/ses-02/eeg/sub-09_ses-02_task-stim06_events.tsv
bbbd_experiment3,sub-10,ses-01,stim01,1,True,True,True,False,64,,sub-10/ses-01/eeg/sub-10_ses-01_task-stim01_eeg.bdf,sub-10/ses-01/eeg/sub-10_ses-01_task-stim01_channels.tsv,sub-10/ses-01/beh/sub-10_ses-01_task-stim01_recording-ecg_physio.tsv.gz,sub-10/ses-01/eyetrack/sub-10_ses-01_task-stim01_pupil_eyetrack.tsv.gz,sub-10/ses-01/eeg/sub-10_ses-01_task-stim01_events.tsv
bbbd_experiment3,sub-10,ses-01,stim02,1,True,True,True,False,64,,sub-10/ses-01/eeg/sub-10_ses-01_task-stim02_eeg.bdf,sub-10/ses-01/eeg/sub-10_ses-01_task-stim02_channels.tsv,sub-10/ses-01/beh/sub-10_ses-01_task-stim02_recording-ecg_physio.tsv.gz,sub-10/ses-01/eyetrack/sub-10_ses-01_task-stim02_pupil_eyetrack.tsv.gz,sub-10/ses-01/eeg/sub-10_ses-01_task-stim02_events.tsv
bbbd_experiment3,sub-10,ses-01,stim03,1,True,True,True,False,64,,sub-10/ses-01/eeg/sub-10_ses-01_task-stim03_eeg.bdf,sub-10/ses-01/eeg/sub-10_ses-01_task-stim03_channels.tsv,sub-10/ses-01/beh/sub-10_ses-01_task-stim03_recording-ecg_physio.tsv.gz,sub-10/ses-01/eyetrack/sub-10_ses-01_task-stim03_pupil_eyetrack.tsv.gz,sub-10/ses-01/eeg/sub-10_ses-01_task-stim03_events.tsv
bbbd_experiment3,sub-10,ses-01,stim05,1,True,True,True,False,64,,sub-10/ses-01/eeg/sub-10_ses-01_task-stim05_eeg.bdf,sub-10/ses-01/eeg/sub-10_ses-01_task-stim05_channels.tsv,sub-10/ses-01/beh/sub-10_ses-01_task-stim05_recording-ecg_physio.tsv.gz,sub-10/ses-01/eyetrack/sub-10_ses-01_task-stim05_pupil_eyetrack.tsv.gz,sub-10/ses-01/eeg/sub-10_ses-01_task-stim05_events.tsv
bbbd_experiment3,sub-10,ses-01,stim06,1,True,True,True,False,64,,sub-10/ses-01/eeg/sub-10_ses-01_task-stim06_eeg.bdf,sub-10/ses-01/eeg/sub-10_ses-01_task-stim06_channels.tsv,sub-10/ses-01/beh/sub-10_ses-01_task-stim06_recording-ecg_physio.tsv.gz,sub-10/ses-01/eyetrack/sub-10_ses-01_task-stim06_pupil_eyetrack.tsv.gz,sub-10/ses-01/eeg/sub-10_ses-01_task-stim06_events.tsv
bbbd_experiment3,sub-10,ses-02,stim01,0,True,True,True,False,64,,sub-10/ses-02/eeg/sub-10_ses-02_task-stim01_eeg.bdf,sub-10/ses-02/eeg/sub-10_ses-02_task-stim01_channels.tsv,sub-10/ses-02/beh/sub-10_ses-02_task-stim01_recording-ecg_physio.tsv.gz,sub-10/ses-02/eyetrack/sub-10_ses-02_task-stim01_pupil_eyetrack.tsv.gz,sub-10/ses-02/eeg/sub-10_ses-02_task-stim01_events.tsv
bbbd_experiment3,sub-10,ses-02,stim02,0,True,True,True,False,64,,sub-10/ses-02/eeg/sub-10_ses-02_task-stim02_eeg.bdf,sub-10/ses-02/eeg/sub-10_ses-02_task-stim02_channels.tsv,sub-10/ses-02/beh/sub-10_ses-02_task-stim02_recording-ecg_physio.tsv.gz,sub-10/ses-02/eyetrack/sub-10_ses-02_task-stim02_pupil_eyetrack.tsv.gz,sub-10/ses-02/eeg/sub-10_ses-02_task-stim02_events.tsv
bbbd_experiment3,sub-10,ses-02,stim03,0,True,True,True,False,64,,sub-10/ses-02/eeg/sub-10_ses-02_task-stim03_eeg.bdf,sub-10/ses-02/eeg/sub-10_ses-02_task-stim03_channels.tsv,sub-10/ses-02/beh/sub-10_ses-02_task-stim03_recording-ecg_physio.tsv.gz,sub-10/ses-02/eyetrack/sub-10_ses-02_task-stim03_pupil_eyetrack.tsv.gz,sub-10/ses-02/eeg/sub-10_ses-02_task-stim03_events.tsv
bbbd_experiment3,sub-10,ses-02,stim05,0,True,True,True,False,64,,sub-10/ses-02/eeg/sub-10_ses-02_task-stim05_eeg.bdf,sub-10/ses-02/eeg/sub-10_ses-02_task-stim05_channels.tsv,sub-10/ses-02/beh/sub-10_ses-02_task-stim05_recording-ecg_physio.tsv.gz,sub-10/ses-02/eyetrack/sub-10_ses-02_task-stim05_pupil_eyetrack.tsv.gz,sub-10/ses-02/eeg/sub-10_ses-02_task-stim05_events.tsv
bbbd_experiment3,sub-10,ses-02,stim06,0,True,True,True,False,64,,sub-10/ses-02/eeg/sub-10_ses-02_task-stim06_eeg.bdf,sub-10/ses-02/eeg/sub-10_ses-02_task-stim06_channels.tsv,sub-10/ses-02/beh/sub-10_ses-02_task-stim06_recording-ecg_physio.tsv.gz,sub-10/ses-02/eyetrack/sub-10_ses-02_task-stim06_pupil_eyetrack.tsv.gz,sub-10/ses-02/eeg/sub-10_ses-02_task-stim06_events.tsv
bbbd_experiment3,sub-11,ses-01,stim01,1,True,True,True,False,64,,sub-11/ses-01/eeg/sub-11_ses-01_task-stim01_eeg.bdf,sub-11/ses-01/eeg/sub-11_ses-01_task-stim01_channels.tsv,sub-11/ses-01/beh/sub-11_ses-01_task-stim01_recording-ecg_physio.tsv.gz,sub-11/ses-01/eyetrack/sub-11_ses-01_task-stim01_pupil_eyetrack.tsv.gz,sub-11/ses-01/eeg/sub-11_ses-01_task-stim01_events.tsv
bbbd_experiment3,sub-11,ses-01,stim02,1,True,True,True,False,64,,sub-11/ses-01/eeg/sub-11_ses-01_task-stim02_eeg.bdf,sub-11/ses-01/eeg/sub-11_ses-01_task-stim02_channels.tsv,sub-11/ses-01/beh/sub-11_ses-01_task-stim02_recording-ecg_physio.tsv.gz,sub-11/ses-01/eyetrack/sub-11_ses-01_task-stim02_pupil_eyetrack.tsv.gz,sub-11/ses-01/eeg/sub-11_ses-01_task-stim02_events.tsv
bbbd_experiment3,sub-11,ses-01,stim03,1,True,True,True,False,64,,sub-11/ses-01/eeg/sub-11_ses-01_task-stim03_eeg.bdf,sub-11/ses-01/eeg/sub-11_ses-01_task-stim03_channels.tsv,sub-11/ses-01/beh/sub-11_ses-01_task-stim03_recording-ecg_physio.tsv.gz,sub-11/ses-01/eyetrack/sub-11_ses-01_task-stim03_pupil_eyetrack.tsv.gz,sub-11/ses-01/eeg/sub-11_ses-01_task-stim03_events.tsv
bbbd_experiment3,sub-11,ses-01,stim04,1,True,True,True,False,64,,sub-11/ses-01/eeg/sub-11_ses-01_task-stim04_eeg.bdf,sub-11/ses-01/eeg/sub-11_ses-01_task-stim04_channels.tsv,sub-11/ses-01/beh/sub-11_ses-01_task-stim04_recording-ecg_physio.tsv.gz,sub-11/ses-01/eyetrack/sub-11_ses-01_task-stim04_pupil_eyetrack.tsv.gz,sub-11/ses-01/eeg/sub-11_ses-01_task-stim04_events.tsv
bbbd_experiment3,sub-11,ses-01,stim05,1,True,True,True,False,64,,sub-11/ses-01/eeg/sub-11_ses-01_task-stim05_eeg.bdf,sub-11/ses-01/eeg/sub-11_ses-01_task-stim05_channels.tsv,sub-11/ses-01/beh/sub-11_ses-01_task-stim05_recording-ecg_physio.tsv.gz,sub-11/ses-01/eyetrack/sub-11_ses-01_task-stim05_pupil_eyetrack.tsv.gz,sub-11/ses-01/eeg/sub-11_ses-01_task-stim05_events.tsv
bbbd_experiment3,sub-11,ses-01,stim06,1,True,True,True,False,64,,sub-11/ses-01/eeg/sub-11_ses-01_task-stim06_eeg.bdf,sub-11/ses-01/eeg/sub-11_ses-01_task-stim06_channels.tsv,sub-11/ses-01/beh/sub-11_ses-01_task-stim06_recording-ecg_physio.tsv.gz,sub-11/ses-01/eyetrack/sub-11_ses-01_task-stim06_pupil_eyetrack.tsv.gz,sub-11/ses-01/eeg/sub-11_ses-01_task-stim06_events.tsv
bbbd_experiment3,sub-11,ses-02,stim01,0,True,True,True,False,64,,sub-11/ses-02/eeg/sub-11_ses-02_task-stim01_eeg.bdf,sub-11/ses-02/eeg/sub-11_ses-02_task-stim01_channels.tsv,sub-11/ses-02/beh/sub-11_ses-02_task-stim01_recording-ecg_physio.tsv.gz,sub-11/ses-02/eyetrack/sub-11_ses-02_task-stim01_pupil_eyetrack.tsv.gz,sub-11/ses-02/eeg/sub-11_ses-02_task-stim01_events.tsv
bbbd_experiment3,sub-11,ses-02,stim02,0,True,True,True,False,64,,sub-11/ses-02/eeg/sub-11_ses-02_task-stim02_eeg.bdf,sub-11/ses-02/eeg/sub-11_ses-02_task-stim02_channels.tsv,sub-11/ses-02/beh/sub-11_ses-02_task-stim02_recording-ecg_physio.tsv.gz,sub-11/ses-02/eyetrack/sub-11_ses-02_task-stim02_pupil_eyetrack.tsv.gz,sub-11/ses-02/eeg/sub-11_ses-02_task-stim02_events.tsv
bbbd_experiment3,sub-11,ses-02,stim03,0,True,True,True,False,64,,sub-11/ses-02/eeg/sub-11_ses-02_task-stim03_eeg.bdf,sub-11/ses-02/eeg/sub-11_ses-02_task-stim03_channels.tsv,sub-11/ses-02/beh/sub-11_ses-02_task-stim03_recording-ecg_physio.tsv.gz,sub-11/ses-02/eyetrack/sub-11_ses-02_task-stim03_pupil_eyetrack.tsv.gz,sub-11/ses-02/eeg/sub-11_ses-02_task-stim03_events.tsv
bbbd_experiment3,sub-11,ses-02,stim05,0,True,True,True,False,64,,sub-11/ses-02/eeg/sub-11_ses-02_task-stim05_eeg.bdf,sub-11/ses-02/eeg/sub-11_ses-02_task-stim05_channels.tsv,sub-11/ses-02/beh/sub-11_ses-02_task-stim05_recording-ecg_physio.tsv.gz,sub-11/ses-02/eyetrack/sub-11_ses-02_task-stim05_pupil_eyetrack.tsv.gz,sub-11/ses-02/eeg/sub-11_ses-02_task-stim05_events.tsv
bbbd_experiment3,sub-11,ses-02,stim06,0,True,True,True,False,64,,sub-11/ses-02/eeg/sub-11_ses-02_task-stim06_eeg.bdf,sub-11/ses-02/eeg/sub-11_ses-02_task-stim06_channels.tsv,sub-11/ses-02/beh/sub-11_ses-02_task-stim06_recording-ecg_physio.tsv.gz,sub-11/ses-02/eyetrack/sub-11_ses-02_task-stim06_pupil_eyetrack.tsv.gz,sub-11/ses-02/eeg/sub-11_ses-02_task-stim06_events.tsv
bbbd_experiment3,sub-12,ses-01,stim01,1,False,False,False,False,0,AF7;Fp1;Fpz;Fp2;AF8;O1;POz;O2,,,sub-12/ses-01/beh/sub-12_ses-01_task-stim01_recording-ecg_physio.tsv.gz,,
bbbd_experiment3,sub-12,ses-01,stim02,1,True,True,True,False,64,,sub-12/ses-01/eeg/sub-12_ses-01_task-stim02_eeg.bdf,sub-12/ses-01/eeg/sub-12_ses-01_task-stim02_channels.tsv,sub-12/ses-01/beh/sub-12_ses-01_task-stim02_recording-ecg_physio.tsv.gz,sub-12/ses-01/eyetrack/sub-12_ses-01_task-stim02_pupil_eyetrack.tsv.gz,sub-12/ses-01/eeg/sub-12_ses-01_task-stim02_events.tsv
bbbd_experiment3,sub-12,ses-01,stim03,1,True,True,True,False,64,,sub-12/ses-01/eeg/sub-12_ses-01_task-stim03_eeg.bdf,sub-12/ses-01/eeg/sub-12_ses-01_task-stim03_channels.tsv,sub-12/ses-01/beh/sub-12_ses-01_task-stim03_recording-ecg_physio.tsv.gz,sub-12/ses-01/eyetrack/sub-12_ses-01_task-stim03_pupil_eyetrack.tsv.gz,sub-12/ses-01/eeg/sub-12_ses-01_task-stim03_events.tsv
bbbd_experiment3,sub-12,ses-01,stim05,1,True,True,True,False,64,,sub-12/ses-01/eeg/sub-12_ses-01_task-stim05_eeg.bdf,sub-12/ses-01/eeg/sub-12_ses-01_task-stim05_channels.tsv,sub-12/ses-01/beh/sub-12_ses-01_task-stim05_recording-ecg_physio.tsv.gz,sub-12/ses-01/eyetrack/sub-12_ses-01_task-stim05_pupil_eyetrack.tsv.gz,sub-12/ses-01/eeg/sub-12_ses-01_task-stim05_events.tsv
bbbd_experiment3,sub-12,ses-01,stim06,1,True,True,True,False,64,,sub-12/ses-01/eeg/sub-12_ses-01_task-stim06_eeg.bdf,sub-12/ses-01/eeg/sub-12_ses-01_task-stim06_channels.tsv,sub-12/ses-01/beh/sub-12_ses-01_task-stim06_recording-ecg_physio.tsv.gz,sub-12/ses-01/eyetrack/sub-12_ses-01_task-stim06_pupil_eyetrack.tsv.gz,sub-12/ses-01/eeg/sub-12_ses-01_task-stim06_events.tsv
bbbd_experiment3,sub-12,ses-02,stim01,0,True,True,True,False,64,,sub-12/ses-02/eeg/sub-12_ses-02_task-stim01_eeg.bdf,sub-12/ses-02/eeg/sub-12_ses-02_task-stim01_channels.tsv,sub-12/ses-02/beh/sub-12_ses-02_task-stim01_recording-ecg_physio.tsv.gz,sub-12/ses-02/eyetrack/sub-12_ses-02_task-stim01_pupil_eyetrack.tsv.gz,sub-12/ses-02/eeg/sub-12_ses-02_task-stim01_events.tsv
bbbd_experiment3,sub-12,ses-02,stim02,0,True,True,True,False,64,,sub-12/ses-02/eeg/sub-12_ses-02_task-stim02_eeg.bdf,sub-12/ses-02/eeg/sub-12_ses-02_task-stim02_channels.tsv,sub-12/ses-02/beh/sub-12_ses-02_task-stim02_recording-ecg_physio.tsv.gz,sub-12/ses-02/eyetrack/sub-12_ses-02_task-stim02_pupil_eyetrack.tsv.gz,sub-12/ses-02/eeg/sub-12_ses-02_task-stim02_events.tsv
bbbd_experiment3,sub-12,ses-02,stim03,0,True,True,True,False,64,,sub-12/ses-02/eeg/sub-12_ses-02_task-stim03_eeg.bdf,sub-12/ses-02/eeg/sub-12_ses-02_task-stim03_channels.tsv,sub-12/ses-02/beh/sub-12_ses-02_task-stim03_recording-ecg_physio.tsv.gz,sub-12/ses-02/eyetrack/sub-12_ses-02_task-stim03_pupil_eyetrack.tsv.gz,sub-12/ses-02/eeg/sub-12_ses-02_task-stim03_events.tsv
bbbd_experiment3,sub-12,ses-02,stim04,0,True,True,True,False,64,,sub-12/ses-02/eeg/sub-12_ses-02_task-stim04_eeg.bdf,sub-12/ses-02/eeg/sub-12_ses-02_task-stim04_channels.tsv,sub-12/ses-02/beh/sub-12_ses-02_task-stim04_recording-ecg_physio.tsv.gz,sub-12/ses-02/eyetrack/sub-12_ses-02_task-stim04_pupil_eyetrack.tsv.gz,sub-12/ses-02/eeg/sub-12_ses-02_task-stim04_events.tsv
bbbd_experiment3,sub-12,ses-02,stim05,0,True,True,True,False,64,,sub-12/ses-02/eeg/sub-12_ses-02_task-stim05_eeg.bdf,sub-12/ses-02/eeg/sub-12_ses-02_task-stim05_channels.tsv,sub-12/ses-02/beh/sub-12_ses-02_task-stim05_recording-ecg_physio.tsv.gz,sub-12/ses-02/eyetrack/sub-12_ses-02_task-stim05_pupil_eyetrack.tsv.gz,sub-12/ses-02/eeg/sub-12_ses-02_task-stim05_events.tsv
bbbd_experiment3,sub-12,ses-02,stim06,0,True,True,True,False,64,,sub-12/ses-02/eeg/sub-12_ses-02_task-stim06_eeg.bdf,sub-12/ses-02/eeg/sub-12_ses-02_task-stim06_channels.tsv,sub-12/ses-02/beh/sub-12_ses-02_task-stim06_recording-ecg_physio.tsv.gz,sub-12/ses-02/eyetrack/sub-12_ses-02_task-stim06_pupil_eyetrack.tsv.gz,sub-12/ses-02/eeg/sub-12_ses-02_task-stim06_events.tsv
bbbd_experiment3,sub-13,ses-01,stim01,1,True,True,True,False,64,,sub-13/ses-01/eeg/sub-13_ses-01_task-stim01_eeg.bdf,sub-13/ses-01/eeg/sub-13_ses-01_task-stim01_channels.tsv,sub-13/ses-01/beh/sub-13_ses-01_task-stim01_recording-ecg_physio.tsv.gz,sub-13/ses-01/eyetrack/sub-13_ses-01_task-stim01_pupil_eyetrack.tsv.gz,sub-13/ses-01/eeg/sub-13_ses-01_task-stim01_events.tsv
bbbd_experiment3,sub-13,ses-01,stim02,1,True,True,True,False,64,,sub-13/ses-01/eeg/sub-13_ses-01_task-stim02_eeg.bdf,sub-13/ses-01/eeg/sub-13_ses-01_task-stim02_channels.tsv,sub-13/ses-01/beh/sub-13_ses-01_task-stim02_recording-ecg_physio.tsv.gz,sub-13/ses-01/eyetrack/sub-13_ses-01_task-stim02_pupil_eyetrack.tsv.gz,sub-13/ses-01/eeg/sub-13_ses-01_task-stim02_events.tsv
bbbd_experiment3,sub-13,ses-01,stim03,1,True,True,True,False,64,,sub-13/ses-01/eeg/sub-13_ses-01_task-stim03_eeg.bdf,sub-13/ses-01/eeg/sub-13_ses-01_task-stim03_channels.tsv,sub-13/ses-01/beh/sub-13_ses-01_task-stim03_recording-ecg_physio.tsv.gz,sub-13/ses-01/eyetrack/sub-13_ses-01_task-stim03_pupil_eyetrack.tsv.gz,sub-13/ses-01/eeg/sub-13_ses-01_task-stim03_events.tsv
bbbd_experiment3,sub-13,ses-01,stim04,1,True,True,True,False,64,,sub-13/ses-01/eeg/sub-13_ses-01_task-stim04_eeg.bdf,sub-13/ses-01/eeg/sub-13_ses-01_task-stim04_channels.tsv,sub-13/ses-01/beh/sub-13_ses-01_task-stim04_recording-ecg_physio.tsv.gz,sub-13/ses-01/eyetrack/sub-13_ses-01_task-stim04_pupil_eyetrack.tsv.gz,sub-13/ses-01/eeg/sub-13_ses-01_task-stim04_events.tsv
bbbd_experiment3,sub-13,ses-01,stim05,1,True,True,True,False,64,,sub-13/ses-01/eeg/sub-13_ses-01_task-stim05_eeg.bdf,sub-13/ses-01/eeg/sub-13_ses-01_task-stim05_channels.tsv,sub-13/ses-01/beh/sub-13_ses-01_task-stim05_recording-ecg_physio.tsv.gz,sub-13/ses-01/eyetrack/sub-13_ses-01_task-stim05_pupil_eyetrack.tsv.gz,sub-13/ses-01/eeg/sub-13_ses-01_task-stim05_events.tsv
bbbd_experiment3,sub-13,ses-01,stim06,1,False,True,False,False,64,,sub-13/ses-01/eeg/sub-13_ses-01_task-stim06_eeg.bdf,sub-13/ses-01/eeg/sub-13_ses-01_task-stim06_channels.tsv,sub-13/ses-01/beh/sub-13_ses-01_task-stim06_recording-ecg_physio.tsv.gz,,sub-13/ses-01/eeg/sub-13_ses-01_task-stim06_events.tsv
bbbd_experiment3,sub-13,ses-02,stim01,0,True,True,True,False,64,,sub-13/ses-02/eeg/sub-13_ses-02_task-stim01_eeg.bdf,sub-13/ses-02/eeg/sub-13_ses-02_task-stim01_channels.tsv,sub-13/ses-02/beh/sub-13_ses-02_task-stim01_recording-ecg_physio.tsv.gz,sub-13/ses-02/eyetrack/sub-13_ses-02_task-stim01_pupil_eyetrack.tsv.gz,sub-13/ses-02/eeg/sub-13_ses-02_task-stim01_events.tsv
bbbd_experiment3,sub-13,ses-02,stim02,0,True,True,True,False,64,,sub-13/ses-02/eeg/sub-13_ses-02_task-stim02_eeg.bdf,sub-13/ses-02/eeg/sub-13_ses-02_task-stim02_channels.tsv,sub-13/ses-02/beh/sub-13_ses-02_task-stim02_recording-ecg_physio.tsv.gz,sub-13/ses-02/eyetrack/sub-13_ses-02_task-stim02_pupil_eyetrack.tsv.gz,sub-13/ses-02/eeg/sub-13_ses-02_task-stim02_events.tsv
bbbd_experiment3,sub-13,ses-02,stim03,0,True,True,True,False,64,,sub-13/ses-02/eeg/sub-13_ses-02_task-stim03_eeg.bdf,sub-13/ses-02/eeg/sub-13_ses-02_task-stim03_channels.tsv,sub-13/ses-02/beh/sub-13_ses-02_task-stim03_recording-ecg_physio.tsv.gz,sub-13/ses-02/eyetrack/sub-13_ses-02_task-stim03_pupil_eyetrack.tsv.gz,sub-13/ses-02/eeg/sub-13_ses-02_task-stim03_events.tsv
bbbd_experiment3,sub-13,ses-02,stim04,0,True,True,True,False,64,,sub-13/ses-02/eeg/sub-13_ses-02_task-stim04_eeg.bdf,sub-13/ses-02/eeg/sub-13_ses-02_task-stim04_channels.tsv,sub-13/ses-02/beh/sub-13_ses-02_task-stim04_recording-ecg_physio.tsv.gz,sub-13/ses-02/eyetrack/sub-13_ses-02_task-stim04_pupil_eyetrack.tsv.gz,sub-13/ses-02/eeg/sub-13_ses-02_task-stim04_events.tsv
bbbd_experiment3,sub-13,ses-02,stim05,0,True,True,True,False,64,,sub-13/ses-02/eeg/sub-13_ses-02_task-stim05_eeg.bdf,sub-13/ses-02/eeg/sub-13_ses-02_task-stim05_channels.tsv,sub-13/ses-02/beh/sub-13_ses-02_task-stim05_recording-ecg_physio.tsv.gz,sub-13/ses-02/eyetrack/sub-13_ses-02_task-stim05_pupil_eyetrack.tsv.gz,sub-13/ses-02/eeg/sub-13_ses-02_task-stim05_events.tsv
bbbd_experiment3,sub-13,ses-02,stim06,0,True,True,True,False,64,,sub-13/ses-02/eeg/sub-13_ses-02_task-stim06_eeg.bdf,sub-13/ses-02/eeg/sub-13_ses-02_task-stim06_channels.tsv,sub-13/ses-02/beh/sub-13_ses-02_task-stim06_recording-ecg_physio.tsv.gz,sub-13/ses-02/eyetrack/sub-13_ses-02_task-stim06_pupil_eyetrack.tsv.gz,sub-13/ses-02/eeg/sub-13_ses-02_task-stim06_events.tsv
bbbd_experiment3,sub-15,ses-01,stim01,1,False,True,False,False,64,,sub-15/ses-01/eeg/sub-15_ses-01_task-stim01_eeg.bdf,sub-15/ses-01/eeg/sub-15_ses-01_task-stim01_channels.tsv,,sub-15/ses-01/eyetrack/sub-15_ses-01_task-stim01_pupil_eyetrack.tsv.gz,sub-15/ses-01/eeg/sub-15_ses-01_task-stim01_events.tsv
bbbd_experiment3,sub-15,ses-01,stim02,1,False,True,False,False,64,,sub-15/ses-01/eeg/sub-15_ses-01_task-stim02_eeg.bdf,sub-15/ses-01/eeg/sub-15_ses-01_task-stim02_channels.tsv,,,sub-15/ses-01/eeg/sub-15_ses-01_task-stim02_events.tsv
bbbd_experiment3,sub-15,ses-01,stim03,1,True,True,True,False,64,,sub-15/ses-01/eeg/sub-15_ses-01_task-stim03_eeg.bdf,sub-15/ses-01/eeg/sub-15_ses-01_task-stim03_channels.tsv,sub-15/ses-01/beh/sub-15_ses-01_task-stim03_recording-ecg_physio.tsv.gz,sub-15/ses-01/eyetrack/sub-15_ses-01_task-stim03_pupil_eyetrack.tsv.gz,sub-15/ses-01/eeg/sub-15_ses-01_task-stim03_events.tsv
bbbd_experiment3,sub-15,ses-01,stim04,1,False,True,False,False,64,,sub-15/ses-01/eeg/sub-15_ses-01_task-stim04_eeg.bdf,sub-15/ses-01/eeg/sub-15_ses-01_task-stim04_channels.tsv,,,sub-15/ses-01/eeg/sub-15_ses-01_task-stim04_events.tsv
bbbd_experiment3,sub-15,ses-01,stim05,1,False,True,False,False,64,,sub-15/ses-01/eeg/sub-15_ses-01_task-stim05_eeg.bdf,sub-15/ses-01/eeg/sub-15_ses-01_task-stim05_channels.tsv,,sub-15/ses-01/eyetrack/sub-15_ses-01_task-stim05_pupil_eyetrack.tsv.gz,sub-15/ses-01/eeg/sub-15_ses-01_task-stim05_events.tsv
bbbd_experiment3,sub-15,ses-01,stim06,1,False,True,False,False,64,,sub-15/ses-01/eeg/sub-15_ses-01_task-stim06_eeg.bdf,sub-15/ses-01/eeg/sub-15_ses-01_task-stim06_channels.tsv,,sub-15/ses-01/eyetrack/sub-15_ses-01_task-stim06_pupil_eyetrack.tsv.gz,sub-15/ses-01/eeg/sub-15_ses-01_task-stim06_events.tsv
bbbd_experiment3,sub-15,ses-02,stim01,0,True,True,True,False,64,,sub-15/ses-02/eeg/sub-15_ses-02_task-stim01_eeg.bdf,sub-15/ses-02/eeg/sub-15_ses-02_task-stim01_channels.tsv,sub-15/ses-02/beh/sub-15_ses-02_task-stim01_recording-ecg_physio.tsv.gz,sub-15/ses-02/eyetrack/sub-15_ses-02_task-stim01_pupil_eyetrack.tsv.gz,sub-15/ses-02/eeg/sub-15_ses-02_task-stim01_events.tsv
bbbd_experiment3,sub-15,ses-02,stim02,0,False,True,False,False,64,,sub-15/ses-02/eeg/sub-15_ses-02_task-stim02_eeg.bdf,sub-15/ses-02/eeg/sub-15_ses-02_task-stim02_channels.tsv,,sub-15/ses-02/eyetrack/sub-15_ses-02_task-stim02_pupil_eyetrack.tsv.gz,sub-15/ses-02/eeg/sub-15_ses-02_task-stim02_events.tsv
bbbd_experiment3,sub-15,ses-02,stim03,0,False,True,False,False,64,,sub-15/ses-02/eeg/sub-15_ses-02_task-stim03_eeg.bdf,sub-15/ses-02/eeg/sub-15_ses-02_task-stim03_channels.tsv,,sub-15/ses-02/eyetrack/sub-15_ses-02_task-stim03_pupil_eyetrack.tsv.gz,sub-15/ses-02/eeg/sub-15_ses-02_task-stim03_events.tsv
bbbd_experiment3,sub-15,ses-02,stim04,0,False,True,False,False,64,,sub-15/ses-02/eeg/sub-15_ses-02_task-stim04_eeg.bdf,sub-15/ses-02/eeg/sub-15_ses-02_task-stim04_channels.tsv,,sub-15/ses-02/eyetrack/sub-15_ses-02_task-stim04_pupil_eyetrack.tsv.gz,sub-15/ses-02/eeg/sub-15_ses-02_task-stim04_events.tsv
bbbd_experiment3,sub-15,ses-02,stim05,0,False,True,False,False,64,,sub-15/ses-02/eeg/sub-15_ses-02_task-stim05_eeg.bdf,sub-15/ses-02/eeg/sub-15_ses-02_task-stim05_channels.tsv,,sub-15/ses-02/eyetrack/sub-15_ses-02_task-stim05_pupil_eyetrack.tsv.gz,sub-15/ses-02/eeg/sub-15_ses-02_task-stim05_events.tsv
bbbd_experiment3,sub-15,ses-02,stim06,0,False,True,False,False,64,,sub-15/ses-02/eeg/sub-15_ses-02_task-stim06_eeg.bdf,sub-15/ses-02/eeg/sub-15_ses-02_task-stim06_channels.tsv,,sub-15/ses-02/eyetrack/sub-15_ses-02_task-stim06_pupil_eyetrack.tsv.gz,sub-15/ses-02/eeg/sub-15_ses-02_task-stim06_events.tsv
bbbd_experiment3,sub-16,ses-01,stim01,1,True,True,True,False,64,,sub-16/ses-01/eeg/sub-16_ses-01_task-stim01_eeg.bdf,sub-16/ses-01/eeg/sub-16_ses-01_task-stim01_channels.tsv,sub-16/ses-01/beh/sub-16_ses-01_task-stim01_recording-ecg_physio.tsv.gz,sub-16/ses-01/eyetrack/sub-16_ses-01_task-stim01_pupil_eyetrack.tsv.gz,sub-16/ses-01/eeg/sub-16_ses-01_task-stim01_events.tsv
bbbd_experiment3,sub-16,ses-01,stim02,1,False,True,False,False,64,,sub-16/ses-01/eeg/sub-16_ses-01_task-stim02_eeg.bdf,sub-16/ses-01/eeg/sub-16_ses-01_task-stim02_channels.tsv,,sub-16/ses-01/eyetrack/sub-16_ses-01_task-stim02_pupil_eyetrack.tsv.gz,sub-16/ses-01/eeg/sub-16_ses-01_task-stim02_events.tsv
bbbd_experiment3,sub-16,ses-01,stim03,1,True,True,True,False,64,,sub-16/ses-01/eeg/sub-16_ses-01_task-stim03_eeg.bdf,sub-16/ses-01/eeg/sub-16_ses-01_task-stim03_channels.tsv,sub-16/ses-01/beh/sub-16_ses-01_task-stim03_recording-ecg_physio.tsv.gz,sub-16/ses-01/eyetrack/sub-16_ses-01_task-stim03_pupil_eyetrack.tsv.gz,sub-16/ses-01/eeg/sub-16_ses-01_task-stim03_events.tsv
bbbd_experiment3,sub-16,ses-01,stim04,1,True,True,True,False,64,,sub-16/ses-01/eeg/sub-16_ses-01_task-stim04_eeg.bdf,sub-16/ses-01/eeg/sub-16_ses-01_task-stim04_channels.tsv,sub-16/ses-01/beh/sub-16_ses-01_task-stim04_recording-ecg_physio.tsv.gz,sub-16/ses-01/eyetrack/sub-16_ses-01_task-stim04_pupil_eyetrack.tsv.gz,sub-16/ses-01/eeg/sub-16_ses-01_task-stim04_events.tsv
bbbd_experiment3,sub-16,ses-01,stim05,1,True,True,True,False,64,,sub-16/ses-01/eeg/sub-16_ses-01_task-stim05_eeg.bdf,sub-16/ses-01/eeg/sub-16_ses-01_task-stim05_channels.tsv,sub-16/ses-01/beh/sub-16_ses-01_task-stim05_recording-ecg_physio.tsv.gz,sub-16/ses-01/eyetrack/sub-16_ses-01_task-stim05_pupil_eyetrack.tsv.gz,sub-16/ses-01/eeg/sub-16_ses-01_task-stim05_events.tsv
bbbd_experiment3,sub-16,ses-01,stim06,1,False,False,False,False,0,AF7;Fp1;Fpz;Fp2;AF8;O1;POz;O2,,,sub-16/ses-01/beh/sub-16_ses-01_task-stim06_recording-ecg_physio.tsv.gz,,
bbbd_experiment3,sub-16,ses-02,stim01,0,False,True,False,False,64,,sub-16/ses-02/eeg/sub-16_ses-02_task-stim01_eeg.bdf,sub-16/ses-02/eeg/sub-16_ses-02_task-stim01_channels.tsv,,sub-16/ses-02/eyetrack/sub-16_ses-02_task-stim01_pupil_eyetrack.tsv.gz,sub-16/ses-02/eeg/sub-16_ses-02_task-stim01_events.tsv
bbbd_experiment3,sub-16,ses-02,stim02,0,False,True,False,False,64,,sub-16/ses-02/eeg/sub-16_ses-02_task-stim02_eeg.bdf,sub-16/ses-02/eeg/sub-16_ses-02_task-stim02_channels.tsv,,sub-16/ses-02/eyetrack/sub-16_ses-02_task-stim02_pupil_eyetrack.tsv.gz,sub-16/ses-02/eeg/sub-16_ses-02_task-stim02_events.tsv
bbbd_experiment3,sub-16,ses-02,stim03,0,False,True,False,False,64,,sub-16/ses-02/eeg/sub-16_ses-02_task-stim03_eeg.bdf,sub-16/ses-02/eeg/sub-16_ses-02_task-stim03_channels.tsv,,sub-16/ses-02/eyetrack/sub-16_ses-02_task-stim03_pupil_eyetrack.tsv.gz,sub-16/ses-02/eeg/sub-16_ses-02_task-stim03_events.tsv
bbbd_experiment3,sub-16,ses-02,stim04,0,False,True,False,False,64,,sub-16/ses-02/eeg/sub-16_ses-02_task-stim04_eeg.bdf,sub-16/ses-02/eeg/sub-16_ses-02_task-stim04_channels.tsv,,sub-16/ses-02/eyetrack/sub-16_ses-02_task-stim04_pupil_eyetrack.tsv.gz,sub-16/ses-02/eeg/sub-16_ses-02_task-stim04_events.tsv
bbbd_experiment3,sub-16,ses-02,stim05,0,False,True,False,False,64,,sub-16/ses-02/eeg/sub-16_ses-02_task-stim05_eeg.bdf,sub-16/ses-02/eeg/sub-16_ses-02_task-stim05_channels.tsv,,sub-16/ses-02/eyetrack/sub-16_ses-02_task-stim05_pupil_eyetrack.tsv.gz,sub-16/ses-02/eeg/sub-16_ses-02_task-stim05_events.tsv
bbbd_experiment3,sub-16,ses-02,stim06,0,False,True,False,False,64,,sub-16/ses-02/eeg/sub-16_ses-02_task-stim06_eeg.bdf,sub-16/ses-02/eeg/sub-16_ses-02_task-stim06_channels.tsv,,sub-16/ses-02/eyetrack/sub-16_ses-02_task-stim06_pupil_eyetrack.tsv.gz,sub-16/ses-02/eeg/sub-16_ses-02_task-stim06_events.tsv
bbbd_experiment3,sub-17,ses-01,stim01,1,True,True,True,False,64,,sub-17/ses-01/eeg/sub-17_ses-01_task-stim01_eeg.bdf,sub-17/ses-01/eeg/sub-17_ses-01_task-stim01_channels.tsv,sub-17/ses-01/beh/sub-17_ses-01_task-stim01_recording-ecg_physio.tsv.gz,sub-17/ses-01/eyetrack/sub-17_ses-01_task-stim01_pupil_eyetrack.tsv.gz,sub-17/ses-01/eeg/sub-17_ses-01_task-stim01_events.tsv
bbbd_experiment3,sub-17,ses-01,stim02,1,True,True,True,False,64,,sub-17/ses-01/eeg/sub-17_ses-01_task-stim02_eeg.bdf,sub-17/ses-01/eeg/sub-17_ses-01_task-stim02_channels.tsv,sub-17/ses-01/beh/sub-17_ses-01_task-stim02_recording-ecg_physio.tsv.gz,sub-17/ses-01/eyetrack/sub-17_ses-01_task-stim02_pupil_eyetrack.tsv.gz,sub-17/ses-01/eeg/sub-17_ses-01_task-stim02_events.tsv
bbbd_experiment3,sub-17,ses-01,stim03,1,True,True,True,False,64,,sub-17/ses-01/eeg/sub-17_ses-01_task-stim03_eeg.bdf,sub-17/ses-01/eeg/sub-17_ses-01_task-stim03_channels.tsv,sub-17/ses-01/beh/sub-17_ses-01_task-stim03_recording-ecg_physio.tsv.gz,sub-17/ses-01/eyetrack/sub-17_ses-01_task-stim03_pupil_eyetrack.tsv.gz,sub-17/ses-01/eeg/sub-17_ses-01_task-stim03_events.tsv
bbbd_experiment3,sub-17,ses-01,stim04,1,False,True,False,False,64,,sub-17/ses-01/eeg/sub-17_ses-01_task-stim04_eeg.bdf,sub-17/ses-01/eeg/sub-17_ses-01_task-stim04_channels.tsv,sub-17/ses-01/beh/sub-17_ses-01_task-stim04_recording-ecg_physio.tsv.gz,,sub-17/ses-01/eeg/sub-17_ses-01_task-stim04_events.tsv
bbbd_experiment3,sub-17,ses-01,stim05,1,True,True,True,False,64,,sub-17/ses-01/eeg/sub-17_ses-01_task-stim05_eeg.bdf,sub-17/ses-01/eeg/sub-17_ses-01_task-stim05_channels.tsv,sub-17/ses-01/beh/sub-17_ses-01_task-stim05_recording-ecg_physio.tsv.gz,sub-17/ses-01/eyetrack/sub-17_ses-01_task-stim05_pupil_eyetrack.tsv.gz,sub-17/ses-01/eeg/sub-17_ses-01_task-stim05_events.tsv
bbbd_experiment3,sub-17,ses-01,stim06,1,True,True,True,False,64,,sub-17/ses-01/eeg/sub-17_ses-01_task-stim06_eeg.bdf,sub-17/ses-01/eeg/sub-17_ses-01_task-stim06_channels.tsv,sub-17/ses-01/beh/sub-17_ses-01_task-stim06_recording-ecg_physio.tsv.gz,sub-17/ses-01/eyetrack/sub-17_ses-01_task-stim06_pupil_eyetrack.tsv.gz,sub-17/ses-01/eeg/sub-17_ses-01_task-stim06_events.tsv
bbbd_experiment3,sub-17,ses-02,stim01,0,True,True,True,False,64,,sub-17/ses-02/eeg/sub-17_ses-02_task-stim01_eeg.bdf,sub-17/ses-02/eeg/sub-17_ses-02_task-stim01_channels.tsv,sub-17/ses-02/beh/sub-17_ses-02_task-stim01_recording-ecg_physio.tsv.gz,sub-17/ses-02/eyetrack/sub-17_ses-02_task-stim01_pupil_eyetrack.tsv.gz,sub-17/ses-02/eeg/sub-17_ses-02_task-stim01_events.tsv
bbbd_experiment3,sub-17,ses-02,stim02,0,True,True,True,False,64,,sub-17/ses-02/eeg/sub-17_ses-02_task-stim02_eeg.bdf,sub-17/ses-02/eeg/sub-17_ses-02_task-stim02_channels.tsv,sub-17/ses-02/beh/sub-17_ses-02_task-stim02_recording-ecg_physio.tsv.gz,sub-17/ses-02/eyetrack/sub-17_ses-02_task-stim02_pupil_eyetrack.tsv.gz,sub-17/ses-02/eeg/sub-17_ses-02_task-stim02_events.tsv
bbbd_experiment3,sub-17,ses-02,stim03,0,False,True,False,False,64,,sub-17/ses-02/eeg/sub-17_ses-02_task-stim03_eeg.bdf,sub-17/ses-02/eeg/sub-17_ses-02_task-stim03_channels.tsv,sub-17/ses-02/beh/sub-17_ses-02_task-stim03_recording-ecg_physio.tsv.gz,,sub-17/ses-02/eeg/sub-17_ses-02_task-stim03_events.tsv
bbbd_experiment3,sub-17,ses-02,stim04,0,True,True,True,False,64,,sub-17/ses-02/eeg/sub-17_ses-02_task-stim04_eeg.bdf,sub-17/ses-02/eeg/sub-17_ses-02_task-stim04_channels.tsv,sub-17/ses-02/beh/sub-17_ses-02_task-stim04_recording-ecg_physio.tsv.gz,sub-17/ses-02/eyetrack/sub-17_ses-02_task-stim04_pupil_eyetrack.tsv.gz,sub-17/ses-02/eeg/sub-17_ses-02_task-stim04_events.tsv
bbbd_experiment3,sub-17,ses-02,stim05,0,True,True,True,False,64,,sub-17/ses-02/eeg/sub-17_ses-02_task-stim05_eeg.bdf,sub-17/ses-02/eeg/sub-17_ses-02_task-stim05_channels.tsv,sub-17/ses-02/beh/sub-17_ses-02_task-stim05_recording-ecg_physio.tsv.gz,sub-17/ses-02/eyetrack/sub-17_ses-02_task-stim05_pupil_eyetrack.tsv.gz,sub-17/ses-02/eeg/sub-17_ses-02_task-stim05_events.tsv
bbbd_experiment3,sub-17,ses-02,stim06,0,True,True,True,False,64,,sub-17/ses-02/eeg/sub-17_ses-02_task-stim06_eeg.bdf,sub-17/ses-02/eeg/sub-17_ses-02_task-stim06_channels.tsv,sub-17/ses-02/beh/sub-17_ses-02_task-stim06_recording-ecg_physio.tsv.gz,sub-17/ses-02/eyetrack/sub-17_ses-02_task-stim06_pupil_eyetrack.tsv.gz,sub-17/ses-02/eeg/sub-17_ses-02_task-stim06_events.tsv
bbbd_experiment3,sub-18,ses-01,stim01,1,True,True,True,True,64,,sub-18/ses-01/eeg/sub-18_ses-01_task-stim01_eeg.bdf,sub-18/ses-01/eeg/sub-18_ses-01_task-stim01_channels.tsv,sub-18/ses-01/beh/sub-18_ses-01_task-stim01_recording-ecg_physio.tsv.gz,sub-18/ses-01/eyetrack/sub-18_ses-01_task-stim01_pupil_eyetrack.tsv.gz,sub-18/ses-01/eeg/sub-18_ses-01_task-stim01_events.tsv
bbbd_experiment3,sub-18,ses-01,stim02,1,True,True,True,True,64,,sub-18/ses-01/eeg/sub-18_ses-01_task-stim02_eeg.bdf,sub-18/ses-01/eeg/sub-18_ses-01_task-stim02_channels.tsv,sub-18/ses-01/beh/sub-18_ses-01_task-stim02_recording-ecg_physio.tsv.gz,sub-18/ses-01/eyetrack/sub-18_ses-01_task-stim02_pupil_eyetrack.tsv.gz,sub-18/ses-01/eeg/sub-18_ses-01_task-stim02_events.tsv
bbbd_experiment3,sub-18,ses-01,stim03,1,True,True,True,True,64,,sub-18/ses-01/eeg/sub-18_ses-01_task-stim03_eeg.bdf,sub-18/ses-01/eeg/sub-18_ses-01_task-stim03_channels.tsv,sub-18/ses-01/beh/sub-18_ses-01_task-stim03_recording-ecg_physio.tsv.gz,sub-18/ses-01/eyetrack/sub-18_ses-01_task-stim03_pupil_eyetrack.tsv.gz,sub-18/ses-01/eeg/sub-18_ses-01_task-stim03_events.tsv
bbbd_experiment3,sub-18,ses-01,stim04,1,True,True,True,True,64,,sub-18/ses-01/eeg/sub-18_ses-01_task-stim04_eeg.bdf,sub-18/ses-01/eeg/sub-18_ses-01_task-stim04_channels.tsv,sub-18/ses-01/beh/sub-18_ses-01_task-stim04_recording-ecg_physio.tsv.gz,sub-18/ses-01/eyetrack/sub-18_ses-01_task-stim04_pupil_eyetrack.tsv.gz,sub-18/ses-01/eeg/sub-18_ses-01_task-stim04_events.tsv
bbbd_experiment3,sub-18,ses-01,stim05,1,True,True,True,True,64,,sub-18/ses-01/eeg/sub-18_ses-01_task-stim05_eeg.bdf,sub-18/ses-01/eeg/sub-18_ses-01_task-stim05_channels.tsv,sub-18/ses-01/beh/sub-18_ses-01_task-stim05_recording-ecg_physio.tsv.gz,sub-18/ses-01/eyetrack/sub-18_ses-01_task-stim05_pupil_eyetrack.tsv.gz,sub-18/ses-01/eeg/sub-18_ses-01_task-stim05_events.tsv
bbbd_experiment3,sub-18,ses-01,stim06,1,True,True,True,True,64,,sub-18/ses-01/eeg/sub-18_ses-01_task-stim06_eeg.bdf,sub-18/ses-01/eeg/sub-18_ses-01_task-stim06_channels.tsv,sub-18/ses-01/beh/sub-18_ses-01_task-stim06_recording-ecg_physio.tsv.gz,sub-18/ses-01/eyetrack/sub-18_ses-01_task-stim06_pupil_eyetrack.tsv.gz,sub-18/ses-01/eeg/sub-18_ses-01_task-stim06_events.tsv
bbbd_experiment3,sub-18,ses-02,stim01,0,True,True,True,True,64,,sub-18/ses-02/eeg/sub-18_ses-02_task-stim01_eeg.bdf,sub-18/ses-02/eeg/sub-18_ses-02_task-stim01_channels.tsv,sub-18/ses-02/beh/sub-18_ses-02_task-stim01_recording-ecg_physio.tsv.gz,sub-18/ses-02/eyetrack/sub-18_ses-02_task-stim01_pupil_eyetrack.tsv.gz,sub-18/ses-02/eeg/sub-18_ses-02_task-stim01_events.tsv
bbbd_experiment3,sub-18,ses-02,stim02,0,True,True,True,True,64,,sub-18/ses-02/eeg/sub-18_ses-02_task-stim02_eeg.bdf,sub-18/ses-02/eeg/sub-18_ses-02_task-stim02_channels.tsv,sub-18/ses-02/beh/sub-18_ses-02_task-stim02_recording-ecg_physio.tsv.gz,sub-18/ses-02/eyetrack/sub-18_ses-02_task-stim02_pupil_eyetrack.tsv.gz,sub-18/ses-02/eeg/sub-18_ses-02_task-stim02_events.tsv
bbbd_experiment3,sub-18,ses-02,stim03,0,True,True,True,True,64,,sub-18/ses-02/eeg/sub-18_ses-02_task-stim03_eeg.bdf,sub-18/ses-02/eeg/sub-18_ses-02_task-stim03_channels.tsv,sub-18/ses-02/beh/sub-18_ses-02_task-stim03_recording-ecg_physio.tsv.gz,sub-18/ses-02/eyetrack/sub-18_ses-02_task-stim03_pupil_eyetrack.tsv.gz,sub-18/ses-02/eeg/sub-18_ses-02_task-stim03_events.tsv
bbbd_experiment3,sub-18,ses-02,stim04,0,True,True,True,True,64,,sub-18/ses-02/eeg/sub-18_ses-02_task-stim04_eeg.bdf,sub-18/ses-02/eeg/sub-18_ses-02_task-stim04_channels.tsv,sub-18/ses-02/beh/sub-18_ses-02_task-stim04_recording-ecg_physio.tsv.gz,sub-18/ses-02/eyetrack/sub-18_ses-02_task-stim04_pupil_eyetrack.tsv.gz,sub-18/ses-02/eeg/sub-18_ses-02_task-stim04_events.tsv
bbbd_experiment3,sub-18,ses-02,stim05,0,True,True,True,True,64,,sub-18/ses-02/eeg/sub-18_ses-02_task-stim05_eeg.bdf,sub-18/ses-02/eeg/sub-18_ses-02_task-stim05_channels.tsv,sub-18/ses-02/beh/sub-18_ses-02_task-stim05_recording-ecg_physio.tsv.gz,sub-18/ses-02/eyetrack/sub-18_ses-02_task-stim05_pupil_eyetrack.tsv.gz,sub-18/ses-02/eeg/sub-18_ses-02_task-stim05_events.tsv
bbbd_experiment3,sub-18,ses-02,stim06,0,True,True,True,True,64,,sub-18/ses-02/eeg/sub-18_ses-02_task-stim06_eeg.bdf,sub-18/ses-02/eeg/sub-18_ses-02_task-stim06_channels.tsv,sub-18/ses-02/beh/sub-18_ses-02_task-stim06_recording-ecg_physio.tsv.gz,sub-18/ses-02/eyetrack/sub-18_ses-02_task-stim06_pupil_eyetrack.tsv.gz,sub-18/ses-02/eeg/sub-18_ses-02_task-stim06_events.tsv
bbbd_experiment3,sub-19,ses-01,stim01,1,True,True,True,True,64,,sub-19/ses-01/eeg/sub-19_ses-01_task-stim01_eeg.bdf,sub-19/ses-01/eeg/sub-19_ses-01_task-stim01_channels.tsv,sub-19/ses-01/beh/sub-19_ses-01_task-stim01_recording-ecg_physio.tsv.gz,sub-19/ses-01/eyetrack/sub-19_ses-01_task-stim01_pupil_eyetrack.tsv.gz,sub-19/ses-01/eeg/sub-19_ses-01_task-stim01_events.tsv
bbbd_experiment3,sub-19,ses-01,stim02,1,True,True,True,True,64,,sub-19/ses-01/eeg/sub-19_ses-01_task-stim02_eeg.bdf,sub-19/ses-01/eeg/sub-19_ses-01_task-stim02_channels.tsv,sub-19/ses-01/beh/sub-19_ses-01_task-stim02_recording-ecg_physio.tsv.gz,sub-19/ses-01/eyetrack/sub-19_ses-01_task-stim02_pupil_eyetrack.tsv.gz,sub-19/ses-01/eeg/sub-19_ses-01_task-stim02_events.tsv
bbbd_experiment3,sub-19,ses-01,stim03,1,True,True,True,True,64,,sub-19/ses-01/eeg/sub-19_ses-01_task-stim03_eeg.bdf,sub-19/ses-01/eeg/sub-19_ses-01_task-stim03_channels.tsv,sub-19/ses-01/beh/sub-19_ses-01_task-stim03_recording-ecg_physio.tsv.gz,sub-19/ses-01/eyetrack/sub-19_ses-01_task-stim03_pupil_eyetrack.tsv.gz,sub-19/ses-01/eeg/sub-19_ses-01_task-stim03_events.tsv
bbbd_experiment3,sub-19,ses-01,stim04,1,True,True,True,True,64,,sub-19/ses-01/eeg/sub-19_ses-01_task-stim04_eeg.bdf,sub-19/ses-01/eeg/sub-19_ses-01_task-stim04_channels.tsv,sub-19/ses-01/beh/sub-19_ses-01_task-stim04_recording-ecg_physio.tsv.gz,sub-19/ses-01/eyetrack/sub-19_ses-01_task-stim04_pupil_eyetrack.tsv.gz,sub-19/ses-01/eeg/sub-19_ses-01_task-stim04_events.tsv
bbbd_experiment3,sub-19,ses-01,stim05,1,True,True,True,True,64,,sub-19/ses-01/eeg/sub-19_ses-01_task-stim05_eeg.bdf,sub-19/ses-01/eeg/sub-19_ses-01_task-stim05_channels.tsv,sub-19/ses-01/beh/sub-19_ses-01_task-stim05_recording-ecg_physio.tsv.gz,sub-19/ses-01/eyetrack/sub-19_ses-01_task-stim05_pupil_eyetrack.tsv.gz,sub-19/ses-01/eeg/sub-19_ses-01_task-stim05_events.tsv
bbbd_experiment3,sub-19,ses-01,stim06,1,True,True,True,True,64,,sub-19/ses-01/eeg/sub-19_ses-01_task-stim06_eeg.bdf,sub-19/ses-01/eeg/sub-19_ses-01_task-stim06_channels.tsv,sub-19/ses-01/beh/sub-19_ses-01_task-stim06_recording-ecg_physio.tsv.gz,sub-19/ses-01/eyetrack/sub-19_ses-01_task-stim06_pupil_eyetrack.tsv.gz,sub-19/ses-01/eeg/sub-19_ses-01_task-stim06_events.tsv
bbbd_experiment3,sub-19,ses-02,stim01,0,True,True,True,True,64,,sub-19/ses-02/eeg/sub-19_ses-02_task-stim01_eeg.bdf,sub-19/ses-02/eeg/sub-19_ses-02_task-stim01_channels.tsv,sub-19/ses-02/beh/sub-19_ses-02_task-stim01_recording-ecg_physio.tsv.gz,sub-19/ses-02/eyetrack/sub-19_ses-02_task-stim01_pupil_eyetrack.tsv.gz,sub-19/ses-02/eeg/sub-19_ses-02_task-stim01_events.tsv
bbbd_experiment3,sub-19,ses-02,stim02,0,True,True,True,True,64,,sub-19/ses-02/eeg/sub-19_ses-02_task-stim02_eeg.bdf,sub-19/ses-02/eeg/sub-19_ses-02_task-stim02_channels.tsv,sub-19/ses-02/beh/sub-19_ses-02_task-stim02_recording-ecg_physio.tsv.gz,sub-19/ses-02/eyetrack/sub-19_ses-02_task-stim02_pupil_eyetrack.tsv.gz,sub-19/ses-02/eeg/sub-19_ses-02_task-stim02_events.tsv
bbbd_experiment3,sub-19,ses-02,stim03,0,True,True,True,True,64,,sub-19/ses-02/eeg/sub-19_ses-02_task-stim03_eeg.bdf,sub-19/ses-02/eeg/sub-19_ses-02_task-stim03_channels.tsv,sub-19/ses-02/beh/sub-19_ses-02_task-stim03_recording-ecg_physio.tsv.gz,sub-19/ses-02/eyetrack/sub-19_ses-02_task-stim03_pupil_eyetrack.tsv.gz,sub-19/ses-02/eeg/sub-19_ses-02_task-stim03_events.tsv
bbbd_experiment3,sub-19,ses-02,stim04,0,True,True,True,True,64,,sub-19/ses-02/eeg/sub-19_ses-02_task-stim04_eeg.bdf,sub-19/ses-02/eeg/sub-19_ses-02_task-stim04_channels.tsv,sub-19/ses-02/beh/sub-19_ses-02_task-stim04_recording-ecg_physio.tsv.gz,sub-19/ses-02/eyetrack/sub-19_ses-02_task-stim04_pupil_eyetrack.tsv.gz,sub-19/ses-02/eeg/sub-19_ses-02_task-stim04_events.tsv
bbbd_experiment3,sub-19,ses-02,stim05,0,True,True,True,True,64,,sub-19/ses-02/eeg/sub-19_ses-02_task-stim05_eeg.bdf,sub-19/ses-02/eeg/sub-19_ses-02_task-stim05_channels.tsv,sub-19/ses-02/beh/sub-19_ses-02_task-stim05_recording-ecg_physio.tsv.gz,sub-19/ses-02/eyetrack/sub-19_ses-02_task-stim05_pupil_eyetrack.tsv.gz,sub-19/ses-02/eeg/sub-19_ses-02_task-stim05_events.tsv
bbbd_experiment3,sub-19,ses-02,stim06,0,True,True,True,True,64,,sub-19/ses-02/eeg/sub-19_ses-02_task-stim06_eeg.bdf,sub-19/ses-02/eeg/sub-19_ses-02_task-stim06_channels.tsv,sub-19/ses-02/beh/sub-19_ses-02_task-stim06_recording-ecg_physio.tsv.gz,sub-19/ses-02/eyetrack/sub-19_ses-02_task-stim06_pupil_eyetrack.tsv.gz,sub-19/ses-02/eeg/sub-19_ses-02_task-stim06_events.tsv
bbbd_experiment3,sub-21,ses-01,stim01,1,True,True,True,True,64,,sub-21/ses-01/eeg/sub-21_ses-01_task-stim01_eeg.bdf,sub-21/ses-01/eeg/sub-21_ses-01_task-stim01_channels.tsv,sub-21/ses-01/beh/sub-21_ses-01_task-stim01_recording-ecg_physio.tsv.gz,sub-21/ses-01/eyetrack/sub-21_ses-01_task-stim01_pupil_eyetrack.tsv.gz,sub-21/ses-01/eeg/sub-21_ses-01_task-stim01_events.tsv
bbbd_experiment3,sub-21,ses-01,stim02,1,True,True,True,True,64,,sub-21/ses-01/eeg/sub-21_ses-01_task-stim02_eeg.bdf,sub-21/ses-01/eeg/sub-21_ses-01_task-stim02_channels.tsv,sub-21/ses-01/beh/sub-21_ses-01_task-stim02_recording-ecg_physio.tsv.gz,sub-21/ses-01/eyetrack/sub-21_ses-01_task-stim02_pupil_eyetrack.tsv.gz,sub-21/ses-01/eeg/sub-21_ses-01_task-stim02_events.tsv
bbbd_experiment3,sub-21,ses-01,stim03,1,True,True,True,True,64,,sub-21/ses-01/eeg/sub-21_ses-01_task-stim03_eeg.bdf,sub-21/ses-01/eeg/sub-21_ses-01_task-stim03_channels.tsv,sub-21/ses-01/beh/sub-21_ses-01_task-stim03_recording-ecg_physio.tsv.gz,sub-21/ses-01/eyetrack/sub-21_ses-01_task-stim03_pupil_eyetrack.tsv.gz,sub-21/ses-01/eeg/sub-21_ses-01_task-stim03_events.tsv
bbbd_experiment3,sub-21,ses-01,stim04,1,True,True,True,True,64,,sub-21/ses-01/eeg/sub-21_ses-01_task-stim04_eeg.bdf,sub-21/ses-01/eeg/sub-21_ses-01_task-stim04_channels.tsv,sub-21/ses-01/beh/sub-21_ses-01_task-stim04_recording-ecg_physio.tsv.gz,sub-21/ses-01/eyetrack/sub-21_ses-01_task-stim04_pupil_eyetrack.tsv.gz,sub-21/ses-01/eeg/sub-21_ses-01_task-stim04_events.tsv
bbbd_experiment3,sub-21,ses-01,stim05,1,True,True,True,True,64,,sub-21/ses-01/eeg/sub-21_ses-01_task-stim05_eeg.bdf,sub-21/ses-01/eeg/sub-21_ses-01_task-stim05_channels.tsv,sub-21/ses-01/beh/sub-21_ses-01_task-stim05_recording-ecg_physio.tsv.gz,sub-21/ses-01/eyetrack/sub-21_ses-01_task-stim05_pupil_eyetrack.tsv.gz,sub-21/ses-01/eeg/sub-21_ses-01_task-stim05_events.tsv
bbbd_experiment3,sub-21,ses-01,stim06,1,True,True,True,True,64,,sub-21/ses-01/eeg/sub-21_ses-01_task-stim06_eeg.bdf,sub-21/ses-01/eeg/sub-21_ses-01_task-stim06_channels.tsv,sub-21/ses-01/beh/sub-21_ses-01_task-stim06_recording-ecg_physio.tsv.gz,sub-21/ses-01/eyetrack/sub-21_ses-01_task-stim06_pupil_eyetrack.tsv.gz,sub-21/ses-01/eeg/sub-21_ses-01_task-stim06_events.tsv
bbbd_experiment3,sub-21,ses-02,stim01,0,True,True,True,True,64,,sub-21/ses-02/eeg/sub-21_ses-02_task-stim01_eeg.bdf,sub-21/ses-02/eeg/sub-21_ses-02_task-stim01_channels.tsv,sub-21/ses-02/beh/sub-21_ses-02_task-stim01_recording-ecg_physio.tsv.gz,sub-21/ses-02/eyetrack/sub-21_ses-02_task-stim01_pupil_eyetrack.tsv.gz,sub-21/ses-02/eeg/sub-21_ses-02_task-stim01_events.tsv
bbbd_experiment3,sub-21,ses-02,stim02,0,True,True,True,True,64,,sub-21/ses-02/eeg/sub-21_ses-02_task-stim02_eeg.bdf,sub-21/ses-02/eeg/sub-21_ses-02_task-stim02_channels.tsv,sub-21/ses-02/beh/sub-21_ses-02_task-stim02_recording-ecg_physio.tsv.gz,sub-21/ses-02/eyetrack/sub-21_ses-02_task-stim02_pupil_eyetrack.tsv.gz,sub-21/ses-02/eeg/sub-21_ses-02_task-stim02_events.tsv
bbbd_experiment3,sub-21,ses-02,stim03,0,True,True,True,True,64,,sub-21/ses-02/eeg/sub-21_ses-02_task-stim03_eeg.bdf,sub-21/ses-02/eeg/sub-21_ses-02_task-stim03_channels.tsv,sub-21/ses-02/beh/sub-21_ses-02_task-stim03_recording-ecg_physio.tsv.gz,sub-21/ses-02/eyetrack/sub-21_ses-02_task-stim03_pupil_eyetrack.tsv.gz,sub-21/ses-02/eeg/sub-21_ses-02_task-stim03_events.tsv
bbbd_experiment3,sub-21,ses-02,stim04,0,True,True,True,True,64,,sub-21/ses-02/eeg/sub-21_ses-02_task-stim04_eeg.bdf,sub-21/ses-02/eeg/sub-21_ses-02_task-stim04_channels.tsv,sub-21/ses-02/beh/sub-21_ses-02_task-stim04_recording-ecg_physio.tsv.gz,sub-21/ses-02/eyetrack/sub-21_ses-02_task-stim04_pupil_eyetrack.tsv.gz,sub-21/ses-02/eeg/sub-21_ses-02_task-stim04_events.tsv
bbbd_experiment3,sub-21,ses-02,stim05,0,True,True,True,True,64,,sub-21/ses-02/eeg/sub-21_ses-02_task-stim05_eeg.bdf,sub-21/ses-02/eeg/sub-21_ses-02_task-stim05_channels.tsv,sub-21/ses-02/beh/sub-21_ses-02_task-stim05_recording-ecg_physio.tsv.gz,sub-21/ses-02/eyetrack/sub-21_ses-02_task-stim05_pupil_eyetrack.tsv.gz,sub-21/ses-02/eeg/sub-21_ses-02_task-stim05_events.tsv
bbbd_experiment3,sub-21,ses-02,stim06,0,True,True,True,True,64,,sub-21/ses-02/eeg/sub-21_ses-02_task-stim06_eeg.bdf,sub-21/ses-02/eeg/sub-21_ses-02_task-stim06_channels.tsv,sub-21/ses-02/beh/sub-21_ses-02_task-stim06_recording-ecg_physio.tsv.gz,sub-21/ses-02/eyetrack/sub-21_ses-02_task-stim06_pupil_eyetrack.tsv.gz,sub-21/ses-02/eeg/sub-21_ses-02_task-stim06_events.tsv
bbbd_experiment3,sub-22,ses-01,stim01,1,True,True,True,True,64,,sub-22/ses-01/eeg/sub-22_ses-01_task-stim01_eeg.bdf,sub-22/ses-01/eeg/sub-22_ses-01_task-stim01_channels.tsv,sub-22/ses-01/beh/sub-22_ses-01_task-stim01_recording-ecg_physio.tsv.gz,sub-22/ses-01/eyetrack/sub-22_ses-01_task-stim01_pupil_eyetrack.tsv.gz,sub-22/ses-01/eeg/sub-22_ses-01_task-stim01_events.tsv
bbbd_experiment3,sub-22,ses-01,stim02,1,True,True,True,True,64,,sub-22/ses-01/eeg/sub-22_ses-01_task-stim02_eeg.bdf,sub-22/ses-01/eeg/sub-22_ses-01_task-stim02_channels.tsv,sub-22/ses-01/beh/sub-22_ses-01_task-stim02_recording-ecg_physio.tsv.gz,sub-22/ses-01/eyetrack/sub-22_ses-01_task-stim02_pupil_eyetrack.tsv.gz,sub-22/ses-01/eeg/sub-22_ses-01_task-stim02_events.tsv
bbbd_experiment3,sub-22,ses-01,stim03,1,True,True,True,True,64,,sub-22/ses-01/eeg/sub-22_ses-01_task-stim03_eeg.bdf,sub-22/ses-01/eeg/sub-22_ses-01_task-stim03_channels.tsv,sub-22/ses-01/beh/sub-22_ses-01_task-stim03_recording-ecg_physio.tsv.gz,sub-22/ses-01/eyetrack/sub-22_ses-01_task-stim03_pupil_eyetrack.tsv.gz,sub-22/ses-01/eeg/sub-22_ses-01_task-stim03_events.tsv
bbbd_experiment3,sub-22,ses-01,stim04,1,True,True,True,True,64,,sub-22/ses-01/eeg/sub-22_ses-01_task-stim04_eeg.bdf,sub-22/ses-01/eeg/sub-22_ses-01_task-stim04_channels.tsv,sub-22/ses-01/beh/sub-22_ses-01_task-stim04_recording-ecg_physio.tsv.gz,sub-22/ses-01/eyetrack/sub-22_ses-01_task-stim04_pupil_eyetrack.tsv.gz,sub-22/ses-01/eeg/sub-22_ses-01_task-stim04_events.tsv
bbbd_experiment3,sub-22,ses-01,stim05,1,True,True,True,True,64,,sub-22/ses-01/eeg/sub-22_ses-01_task-stim05_eeg.bdf,sub-22/ses-01/eeg/sub-22_ses-01_task-stim05_channels.tsv,sub-22/ses-01/beh/sub-22_ses-01_task-stim05_recording-ecg_physio.tsv.gz,sub-22/ses-01/eyetrack/sub-22_ses-01_task-stim05_pupil_eyetrack.tsv.gz,sub-22/ses-01/eeg/sub-22_ses-01_task-stim05_events.tsv
bbbd_experiment3,sub-22,ses-01,stim06,1,True,True,True,True,64,,sub-22/ses-01/eeg/sub-22_ses-01_task-stim06_eeg.bdf,sub-22/ses-01/eeg/sub-22_ses-01_task-stim06_channels.tsv,sub-22/ses-01/beh/sub-22_ses-01_task-stim06_recording-ecg_physio.tsv.gz,sub-22/ses-01/eyetrack/sub-22_ses-01_task-stim06_pupil_eyetrack.tsv.gz,sub-22/ses-01/eeg/sub-22_ses-01_task-stim06_events.tsv
bbbd_experiment3,sub-22,ses-02,stim01,0,True,True,True,True,64,,sub-22/ses-02/eeg/sub-22_ses-02_task-stim01_eeg.bdf,sub-22/ses-02/eeg/sub-22_ses-02_task-stim01_channels.tsv,sub-22/ses-02/beh/sub-22_ses-02_task-stim01_recording-ecg_physio.tsv.gz,sub-22/ses-02/eyetrack/sub-22_ses-02_task-stim01_pupil_eyetrack.tsv.gz,sub-22/ses-02/eeg/sub-22_ses-02_task-stim01_events.tsv
bbbd_experiment3,sub-22,ses-02,stim02,0,True,True,True,True,64,,sub-22/ses-02/eeg/sub-22_ses-02_task-stim02_eeg.bdf,sub-22/ses-02/eeg/sub-22_ses-02_task-stim02_channels.tsv,sub-22/ses-02/beh/sub-22_ses-02_task-stim02_recording-ecg_physio.tsv.gz,sub-22/ses-02/eyetrack/sub-22_ses-02_task-stim02_pupil_eyetrack.tsv.gz,sub-22/ses-02/eeg/sub-22_ses-02_task-stim02_events.tsv
bbbd_experiment3,sub-22,ses-02,stim03,0,True,True,True,True,64,,sub-22/ses-02/eeg/sub-22_ses-02_task-stim03_eeg.bdf,sub-22/ses-02/eeg/sub-22_ses-02_task-stim03_channels.tsv,sub-22/ses-02/beh/sub-22_ses-02_task-stim03_recording-ecg_physio.tsv.gz,sub-22/ses-02/eyetrack/sub-22_ses-02_task-stim03_pupil_eyetrack.tsv.gz,sub-22/ses-02/eeg/sub-22_ses-02_task-stim03_events.tsv
bbbd_experiment3,sub-22,ses-02,stim04,0,True,True,True,True,64,,sub-22/ses-02/eeg/sub-22_ses-02_task-stim04_eeg.bdf,sub-22/ses-02/eeg/sub-22_ses-02_task-stim04_channels.tsv,sub-22/ses-02/beh/sub-22_ses-02_task-stim04_recording-ecg_physio.tsv.gz,sub-22/ses-02/eyetrack/sub-22_ses-02_task-stim04_pupil_eyetrack.tsv.gz,sub-22/ses-02/eeg/sub-22_ses-02_task-stim04_events.tsv
bbbd_experiment3,sub-22,ses-02,stim05,0,True,True,True,True,64,,sub-22/ses-02/eeg/sub-22_ses-02_task-stim05_eeg.bdf,sub-22/ses-02/eeg/sub-22_ses-02_task-stim05_channels.tsv,sub-22/ses-02/beh/sub-22_ses-02_task-stim05_recording-ecg_physio.tsv.gz,sub-22/ses-02/eyetrack/sub-22_ses-02_task-stim05_pupil_eyetrack.tsv.gz,sub-22/ses-02/eeg/sub-22_ses-02_task-stim05_events.tsv
bbbd_experiment3,sub-22,ses-02,stim06,0,True,True,True,True,64,,sub-22/ses-02/eeg/sub-22_ses-02_task-stim06_eeg.bdf,sub-22/ses-02/eeg/sub-22_ses-02_task-stim06_channels.tsv,sub-22/ses-02/beh/sub-22_ses-02_task-stim06_recording-ecg_physio.tsv.gz,sub-22/ses-02/eyetrack/sub-22_ses-02_task-stim06_pupil_eyetrack.tsv.gz,sub-22/ses-02/eeg/sub-22_ses-02_task-stim06_events.tsv
bbbd_experiment3,sub-23,ses-01,stim01,1,True,True,True,True,64,,sub-23/ses-01/eeg/sub-23_ses-01_task-stim01_eeg.bdf,sub-23/ses-01/eeg/sub-23_ses-01_task-stim01_channels.tsv,sub-23/ses-01/beh/sub-23_ses-01_task-stim01_recording-ecg_physio.tsv.gz,sub-23/ses-01/eyetrack/sub-23_ses-01_task-stim01_pupil_eyetrack.tsv.gz,sub-23/ses-01/eeg/sub-23_ses-01_task-stim01_events.tsv
bbbd_experiment3,sub-23,ses-01,stim02,1,True,True,True,True,64,,sub-23/ses-01/eeg/sub-23_ses-01_task-stim02_eeg.bdf,sub-23/ses-01/eeg/sub-23_ses-01_task-stim02_channels.tsv,sub-23/ses-01/beh/sub-23_ses-01_task-stim02_recording-ecg_physio.tsv.gz,sub-23/ses-01/eyetrack/sub-23_ses-01_task-stim02_pupil_eyetrack.tsv.gz,sub-23/ses-01/eeg/sub-23_ses-01_task-stim02_events.tsv
bbbd_experiment3,sub-23,ses-01,stim03,1,True,True,True,True,64,,sub-23/ses-01/eeg/sub-23_ses-01_task-stim03_eeg.bdf,sub-23/ses-01/eeg/sub-23_ses-01_task-stim03_channels.tsv,sub-23/ses-01/beh/sub-23_ses-01_task-stim03_recording-ecg_physio.tsv.gz,sub-23/ses-01/eyetrack/sub-23_ses-01_task-stim03_pupil_eyetrack.tsv.gz,sub-23/ses-01/eeg/sub-23_ses-01_task-stim03_events.tsv
bbbd_experiment3,sub-23,ses-01,stim04,1,True,True,True,True,64,,sub-23/ses-01/eeg/sub-23_ses-01_task-stim04_eeg.bdf,sub-23/ses-01/eeg/sub-23_ses-01_task-stim04_channels.tsv,sub-23/ses-01/beh/sub-23_ses-01_task-stim04_recording-ecg_physio.tsv.gz,sub-23/ses-01/eyetrack/sub-23_ses-01_task-stim04_pupil_eyetrack.tsv.gz,sub-23/ses-01/eeg/sub-23_ses-01_task-stim04_events.tsv
bbbd_experiment3,sub-23,ses-01,stim05,1,True,True,True,True,64,,sub-23/ses-01/eeg/sub-23_ses-01_task-stim05_eeg.bdf,sub-23/ses-01/eeg/sub-23_ses-01_task-stim05_channels.tsv,sub-23/ses-01/beh/sub-23_ses-01_task-stim05_recording-ecg_physio.tsv.gz,sub-23/ses-01/eyetrack/sub-23_ses-01_task-stim05_pupil_eyetrack.tsv.gz,sub-23/ses-01/eeg/sub-23_ses-01_task-stim05_events.tsv
bbbd_experiment3,sub-23,ses-01,stim06,1,True,True,True,True,64,,sub-23/ses-01/eeg/sub-23_ses-01_task-stim06_eeg.bdf,sub-23/ses-01/eeg/sub-23_ses-01_task-stim06_channels.tsv,sub-23/ses-01/beh/sub-23_ses-01_task-stim06_recording-ecg_physio.tsv.gz,sub-23/ses-01/eyetrack/sub-23_ses-01_task-stim06_pupil_eyetrack.tsv.gz,sub-23/ses-01/eeg/sub-23_ses-01_task-stim06_events.tsv
bbbd_experiment3,sub-23,ses-02,stim01,0,True,True,True,True,64,,sub-23/ses-02/eeg/sub-23_ses-02_task-stim01_eeg.bdf,sub-23/ses-02/eeg/sub-23_ses-02_task-stim01_channels.tsv,sub-23/ses-02/beh/sub-23_ses-02_task-stim01_recording-ecg_physio.tsv.gz,sub-23/ses-02/eyetrack/sub-23_ses-02_task-stim01_pupil_eyetrack.tsv.gz,sub-23/ses-02/eeg/sub-23_ses-02_task-stim01_events.tsv
bbbd_experiment3,sub-23,ses-02,stim02,0,True,True,True,True,64,,sub-23/ses-02/eeg/sub-23_ses-02_task-stim02_eeg.bdf,sub-23/ses-02/eeg/sub-23_ses-02_task-stim02_channels.tsv,sub-23/ses-02/beh/sub-23_ses-02_task-stim02_recording-ecg_physio.tsv.gz,sub-23/ses-02/eyetrack/sub-23_ses-02_task-stim02_pupil_eyetrack.tsv.gz,sub-23/ses-02/eeg/sub-23_ses-02_task-stim02_events.tsv
bbbd_experiment3,sub-23,ses-02,stim03,0,True,True,True,True,64,,sub-23/ses-02/eeg/sub-23_ses-02_task-stim03_eeg.bdf,sub-23/ses-02/eeg/sub-23_ses-02_task-stim03_channels.tsv,sub-23/ses-02/beh/sub-23_ses-02_task-stim03_recording-ecg_physio.tsv.gz,sub-23/ses-02/eyetrack/sub-23_ses-02_task-stim03_pupil_eyetrack.tsv.gz,sub-23/ses-02/eeg/sub-23_ses-02_task-stim03_events.tsv
bbbd_experiment3,sub-23,ses-02,stim04,0,True,True,True,True,64,,sub-23/ses-02/eeg/sub-23_ses-02_task-stim04_eeg.bdf,sub-23/ses-02/eeg/sub-23_ses-02_task-stim04_channels.tsv,sub-23/ses-02/beh/sub-23_ses-02_task-stim04_recording-ecg_physio.tsv.gz,sub-23/ses-02/eyetrack/sub-23_ses-02_task-stim04_pupil_eyetrack.tsv.gz,sub-23/ses-02/eeg/sub-23_ses-02_task-stim04_events.tsv
bbbd_experiment3,sub-23,ses-02,stim05,0,True,True,True,True,64,,sub-23/ses-02/eeg/sub-23_ses-02_task-stim05_eeg.bdf,sub-23/ses-02/eeg/sub-23_ses-02_task-stim05_channels.tsv,sub-23/ses-02/beh/sub-23_ses-02_task-stim05_recording-ecg_physio.tsv.gz,sub-23/ses-02/eyetrack/sub-23_ses-02_task-stim05_pupil_eyetrack.tsv.gz,sub-23/ses-02/eeg/sub-23_ses-02_task-stim05_events.tsv
bbbd_experiment3,sub-23,ses-02,stim06,0,True,True,True,True,64,,sub-23/ses-02/eeg/sub-23_ses-02_task-stim06_eeg.bdf,sub-23/ses-02/eeg/sub-23_ses-02_task-stim06_channels.tsv,sub-23/ses-02/beh/sub-23_ses-02_task-stim06_recording-ecg_physio.tsv.gz,sub-23/ses-02/eyetrack/sub-23_ses-02_task-stim06_pupil_eyetrack.tsv.gz,sub-23/ses-02/eeg/sub-23_ses-02_task-stim06_events.tsv
bbbd_experiment3,sub-24,ses-01,stim01,1,True,True,True,True,64,,sub-24/ses-01/eeg/sub-24_ses-01_task-stim01_eeg.bdf,sub-24/ses-01/eeg/sub-24_ses-01_task-stim01_channels.tsv,sub-24/ses-01/beh/sub-24_ses-01_task-stim01_recording-ecg_physio.tsv.gz,sub-24/ses-01/eyetrack/sub-24_ses-01_task-stim01_pupil_eyetrack.tsv.gz,sub-24/ses-01/eeg/sub-24_ses-01_task-stim01_events.tsv
bbbd_experiment3,sub-24,ses-01,stim02,1,True,True,True,True,64,,sub-24/ses-01/eeg/sub-24_ses-01_task-stim02_eeg.bdf,sub-24/ses-01/eeg/sub-24_ses-01_task-stim02_channels.tsv,sub-24/ses-01/beh/sub-24_ses-01_task-stim02_recording-ecg_physio.tsv.gz,sub-24/ses-01/eyetrack/sub-24_ses-01_task-stim02_pupil_eyetrack.tsv.gz,sub-24/ses-01/eeg/sub-24_ses-01_task-stim02_events.tsv
bbbd_experiment3,sub-24,ses-01,stim03,1,True,True,True,True,64,,sub-24/ses-01/eeg/sub-24_ses-01_task-stim03_eeg.bdf,sub-24/ses-01/eeg/sub-24_ses-01_task-stim03_channels.tsv,sub-24/ses-01/beh/sub-24_ses-01_task-stim03_recording-ecg_physio.tsv.gz,sub-24/ses-01/eyetrack/sub-24_ses-01_task-stim03_pupil_eyetrack.tsv.gz,sub-24/ses-01/eeg/sub-24_ses-01_task-stim03_events.tsv
bbbd_experiment3,sub-24,ses-01,stim04,1,True,True,True,True,64,,sub-24/ses-01/eeg/sub-24_ses-01_task-stim04_eeg.bdf,sub-24/ses-01/eeg/sub-24_ses-01_task-stim04_channels.tsv,sub-24/ses-01/beh/sub-24_ses-01_task-stim04_recording-ecg_physio.tsv.gz,sub-24/ses-01/eyetrack/sub-24_ses-01_task-stim04_pupil_eyetrack.tsv.gz,sub-24/ses-01/eeg/sub-24_ses-01_task-stim04_events.tsv
bbbd_experiment3,sub-24,ses-01,stim05,1,True,True,True,True,64,,sub-24/ses-01/eeg/sub-24_ses-01_task-stim05_eeg.bdf,sub-24/ses-01/eeg/sub-24_ses-01_task-stim05_channels.tsv,sub-24/ses-01/beh/sub-24_ses-01_task-stim05_recording-ecg_physio.tsv.gz,sub-24/ses-01/eyetrack/sub-24_ses-01_task-stim05_pupil_eyetrack.tsv.gz,sub-24/ses-01/eeg/sub-24_ses-01_task-stim05_events.tsv
bbbd_experiment3,sub-24,ses-01,stim06,1,True,True,True,True,64,,sub-24/ses-01/eeg/sub-24_ses-01_task-stim06_eeg.bdf,sub-24/ses-01/eeg/sub-24_ses-01_task-stim06_channels.tsv,sub-24/ses-01/beh/sub-24_ses-01_task-stim06_recording-ecg_physio.tsv.gz,sub-24/ses-01/eyetrack/sub-24_ses-01_task-stim06_pupil_eyetrack.tsv.gz,sub-24/ses-01/eeg/sub-24_ses-01_task-stim06_events.tsv
bbbd_experiment3,sub-24,ses-02,stim01,0,True,True,True,True,64,,sub-24/ses-02/eeg/sub-24_ses-02_task-stim01_eeg.bdf,sub-24/ses-02/eeg/sub-24_ses-02_task-stim01_channels.tsv,sub-24/ses-02/beh/sub-24_ses-02_task-stim01_recording-ecg_physio.tsv.gz,sub-24/ses-02/eyetrack/sub-24_ses-02_task-stim01_pupil_eyetrack.tsv.gz,sub-24/ses-02/eeg/sub-24_ses-02_task-stim01_events.tsv
bbbd_experiment3,sub-24,ses-02,stim02,0,True,True,True,True,64,,sub-24/ses-02/eeg/sub-24_ses-02_task-stim02_eeg.bdf,sub-24/ses-02/eeg/sub-24_ses-02_task-stim02_channels.tsv,sub-24/ses-02/beh/sub-24_ses-02_task-stim02_recording-ecg_physio.tsv.gz,sub-24/ses-02/eyetrack/sub-24_ses-02_task-stim02_pupil_eyetrack.tsv.gz,sub-24/ses-02/eeg/sub-24_ses-02_task-stim02_events.tsv
bbbd_experiment3,sub-24,ses-02,stim03,0,True,True,True,True,64,,sub-24/ses-02/eeg/sub-24_ses-02_task-stim03_eeg.bdf,sub-24/ses-02/eeg/sub-24_ses-02_task-stim03_channels.tsv,sub-24/ses-02/beh/sub-24_ses-02_task-stim03_recording-ecg_physio.tsv.gz,sub-24/ses-02/eyetrack/sub-24_ses-02_task-stim03_pupil_eyetrack.tsv.gz,sub-24/ses-02/eeg/sub-24_ses-02_task-stim03_events.tsv
bbbd_experiment3,sub-24,ses-02,stim04,0,True,True,True,True,64,,sub-24/ses-02/eeg/sub-24_ses-02_task-stim04_eeg.bdf,sub-24/ses-02/eeg/sub-24_ses-02_task-stim04_channels.tsv,sub-24/ses-02/beh/sub-24_ses-02_task-stim04_recording-ecg_physio.tsv.gz,sub-24/ses-02/eyetrack/sub-24_ses-02_task-stim04_pupil_eyetrack.tsv.gz,sub-24/ses-02/eeg/sub-24_ses-02_task-stim04_events.tsv
bbbd_experiment3,sub-24,ses-02,stim05,0,True,True,True,True,64,,sub-24/ses-02/eeg/sub-24_ses-02_task-stim05_eeg.bdf,sub-24/ses-02/eeg/sub-24_ses-02_task-stim05_channels.tsv,sub-24/ses-02/beh/sub-24_ses-02_task-stim05_recording-ecg_physio.tsv.gz,sub-24/ses-02/eyetrack/sub-24_ses-02_task-stim05_pupil_eyetrack.tsv.gz,sub-24/ses-02/eeg/sub-24_ses-02_task-stim05_events.tsv
bbbd_experiment3,sub-24,ses-02,stim06,0,True,True,True,True,64,,sub-24/ses-02/eeg/sub-24_ses-02_task-stim06_eeg.bdf,sub-24/ses-02/eeg/sub-24_ses-02_task-stim06_channels.tsv,sub-24/ses-02/beh/sub-24_ses-02_task-stim06_recording-ecg_physio.tsv.gz,sub-24/ses-02/eyetrack/sub-24_ses-02_task-stim06_pupil_eyetrack.tsv.gz,sub-24/ses-02/eeg/sub-24_ses-02_task-stim06_events.tsv
bbbd_experiment3,sub-25,ses-01,stim01,1,True,True,True,True,64,,sub-25/ses-01/eeg/sub-25_ses-01_task-stim01_eeg.bdf,sub-25/ses-01/eeg/sub-25_ses-01_task-stim01_channels.tsv,sub-25/ses-01/beh/sub-25_ses-01_task-stim01_recording-ecg_physio.tsv.gz,sub-25/ses-01/eyetrack/sub-25_ses-01_task-stim01_pupil_eyetrack.tsv.gz,sub-25/ses-01/eeg/sub-25_ses-01_task-stim01_events.tsv
bbbd_experiment3,sub-25,ses-01,stim02,1,True,True,True,True,64,,sub-25/ses-01/eeg/sub-25_ses-01_task-stim02_eeg.bdf,sub-25/ses-01/eeg/sub-25_ses-01_task-stim02_channels.tsv,sub-25/ses-01/beh/sub-25_ses-01_task-stim02_recording-ecg_physio.tsv.gz,sub-25/ses-01/eyetrack/sub-25_ses-01_task-stim02_pupil_eyetrack.tsv.gz,sub-25/ses-01/eeg/sub-25_ses-01_task-stim02_events.tsv
bbbd_experiment3,sub-25,ses-01,stim03,1,True,True,True,True,64,,sub-25/ses-01/eeg/sub-25_ses-01_task-stim03_eeg.bdf,sub-25/ses-01/eeg/sub-25_ses-01_task-stim03_channels.tsv,sub-25/ses-01/beh/sub-25_ses-01_task-stim03_recording-ecg_physio.tsv.gz,sub-25/ses-01/eyetrack/sub-25_ses-01_task-stim03_pupil_eyetrack.tsv.gz,sub-25/ses-01/eeg/sub-25_ses-01_task-stim03_events.tsv
bbbd_experiment3,sub-25,ses-01,stim04,1,True,True,True,True,64,,sub-25/ses-01/eeg/sub-25_ses-01_task-stim04_eeg.bdf,sub-25/ses-01/eeg/sub-25_ses-01_task-stim04_channels.tsv,sub-25/ses-01/beh/sub-25_ses-01_task-stim04_recording-ecg_physio.tsv.gz,sub-25/ses-01/eyetrack/sub-25_ses-01_task-stim04_pupil_eyetrack.tsv.gz,sub-25/ses-01/eeg/sub-25_ses-01_task-stim04_events.tsv
bbbd_experiment3,sub-25,ses-01,stim05,1,True,True,True,True,64,,sub-25/ses-01/eeg/sub-25_ses-01_task-stim05_eeg.bdf,sub-25/ses-01/eeg/sub-25_ses-01_task-stim05_channels.tsv,sub-25/ses-01/beh/sub-25_ses-01_task-stim05_recording-ecg_physio.tsv.gz,sub-25/ses-01/eyetrack/sub-25_ses-01_task-stim05_pupil_eyetrack.tsv.gz,sub-25/ses-01/eeg/sub-25_ses-01_task-stim05_events.tsv
bbbd_experiment3,sub-25,ses-01,stim06,1,True,True,True,True,64,,sub-25/ses-01/eeg/sub-25_ses-01_task-stim06_eeg.bdf,sub-25/ses-01/eeg/sub-25_ses-01_task-stim06_channels.tsv,sub-25/ses-01/beh/sub-25_ses-01_task-stim06_recording-ecg_physio.tsv.gz,sub-25/ses-01/eyetrack/sub-25_ses-01_task-stim06_pupil_eyetrack.tsv.gz,sub-25/ses-01/eeg/sub-25_ses-01_task-stim06_events.tsv
bbbd_experiment3,sub-25,ses-02,stim01,0,True,True,True,True,64,,sub-25/ses-02/eeg/sub-25_ses-02_task-stim01_eeg.bdf,sub-25/ses-02/eeg/sub-25_ses-02_task-stim01_channels.tsv,sub-25/ses-02/beh/sub-25_ses-02_task-stim01_recording-ecg_physio.tsv.gz,sub-25/ses-02/eyetrack/sub-25_ses-02_task-stim01_pupil_eyetrack.tsv.gz,sub-25/ses-02/eeg/sub-25_ses-02_task-stim01_events.tsv
bbbd_experiment3,sub-25,ses-02,stim02,0,True,True,True,True,64,,sub-25/ses-02/eeg/sub-25_ses-02_task-stim02_eeg.bdf,sub-25/ses-02/eeg/sub-25_ses-02_task-stim02_channels.tsv,sub-25/ses-02/beh/sub-25_ses-02_task-stim02_recording-ecg_physio.tsv.gz,sub-25/ses-02/eyetrack/sub-25_ses-02_task-stim02_pupil_eyetrack.tsv.gz,sub-25/ses-02/eeg/sub-25_ses-02_task-stim02_events.tsv
bbbd_experiment3,sub-25,ses-02,stim03,0,True,True,True,True,64,,sub-25/ses-02/eeg/sub-25_ses-02_task-stim03_eeg.bdf,sub-25/ses-02/eeg/sub-25_ses-02_task-stim03_channels.tsv,sub-25/ses-02/beh/sub-25_ses-02_task-stim03_recording-ecg_physio.tsv.gz,sub-25/ses-02/eyetrack/sub-25_ses-02_task-stim03_pupil_eyetrack.tsv.gz,sub-25/ses-02/eeg/sub-25_ses-02_task-stim03_events.tsv
bbbd_experiment3,sub-25,ses-02,stim04,0,True,True,True,True,64,,sub-25/ses-02/eeg/sub-25_ses-02_task-stim04_eeg.bdf,sub-25/ses-02/eeg/sub-25_ses-02_task-stim04_channels.tsv,sub-25/ses-02/beh/sub-25_ses-02_task-stim04_recording-ecg_physio.tsv.gz,sub-25/ses-02/eyetrack/sub-25_ses-02_task-stim04_pupil_eyetrack.tsv.gz,sub-25/ses-02/eeg/sub-25_ses-02_task-stim04_events.tsv
bbbd_experiment3,sub-25,ses-02,stim05,0,True,True,True,True,64,,sub-25/ses-02/eeg/sub-25_ses-02_task-stim05_eeg.bdf,sub-25/ses-02/eeg/sub-25_ses-02_task-stim05_channels.tsv,sub-25/ses-02/beh/sub-25_ses-02_task-stim05_recording-ecg_physio.tsv.gz,sub-25/ses-02/eyetrack/sub-25_ses-02_task-stim05_pupil_eyetrack.tsv.gz,sub-25/ses-02/eeg/sub-25_ses-02_task-stim05_events.tsv
bbbd_experiment3,sub-25,ses-02,stim06,0,True,True,True,True,64,,sub-25/ses-02/eeg/sub-25_ses-02_task-stim06_eeg.bdf,sub-25/ses-02/eeg/sub-25_ses-02_task-stim06_channels.tsv,sub-25/ses-02/beh/sub-25_ses-02_task-stim06_recording-ecg_physio.tsv.gz,sub-25/ses-02/eyetrack/sub-25_ses-02_task-stim06_pupil_eyetrack.tsv.gz,sub-25/ses-02/eeg/sub-25_ses-02_task-stim06_events.tsv
bbbd_experiment3,sub-26,ses-01,stim01,1,True,True,True,True,64,,sub-26/ses-01/eeg/sub-26_ses-01_task-stim01_eeg.bdf,sub-26/ses-01/eeg/sub-26_ses-01_task-stim01_channels.tsv,sub-26/ses-01/beh/sub-26_ses-01_task-stim01_recording-ecg_physio.tsv.gz,sub-26/ses-01/eyetrack/sub-26_ses-01_task-stim01_pupil_eyetrack.tsv.gz,sub-26/ses-01/eeg/sub-26_ses-01_task-stim01_events.tsv
bbbd_experiment3,sub-26,ses-01,stim02,1,True,True,True,True,64,,sub-26/ses-01/eeg/sub-26_ses-01_task-stim02_eeg.bdf,sub-26/ses-01/eeg/sub-26_ses-01_task-stim02_channels.tsv,sub-26/ses-01/beh/sub-26_ses-01_task-stim02_recording-ecg_physio.tsv.gz,sub-26/ses-01/eyetrack/sub-26_ses-01_task-stim02_pupil_eyetrack.tsv.gz,sub-26/ses-01/eeg/sub-26_ses-01_task-stim02_events.tsv
bbbd_experiment3,sub-26,ses-01,stim03,1,True,True,True,True,64,,sub-26/ses-01/eeg/sub-26_ses-01_task-stim03_eeg.bdf,sub-26/ses-01/eeg/sub-26_ses-01_task-stim03_channels.tsv,sub-26/ses-01/beh/sub-26_ses-01_task-stim03_recording-ecg_physio.tsv.gz,sub-26/ses-01/eyetrack/sub-26_ses-01_task-stim03_pupil_eyetrack.tsv.gz,sub-26/ses-01/eeg/sub-26_ses-01_task-stim03_events.tsv
bbbd_experiment3,sub-26,ses-01,stim04,1,True,True,True,True,64,,sub-26/ses-01/eeg/sub-26_ses-01_task-stim04_eeg.bdf,sub-26/ses-01/eeg/sub-26_ses-01_task-stim04_channels.tsv,sub-26/ses-01/beh/sub-26_ses-01_task-stim04_recording-ecg_physio.tsv.gz,sub-26/ses-01/eyetrack/sub-26_ses-01_task-stim04_pupil_eyetrack.tsv.gz,sub-26/ses-01/eeg/sub-26_ses-01_task-stim04_events.tsv
bbbd_experiment3,sub-26,ses-01,stim05,1,True,True,True,True,64,,sub-26/ses-01/eeg/sub-26_ses-01_task-stim05_eeg.bdf,sub-26/ses-01/eeg/sub-26_ses-01_task-stim05_channels.tsv,sub-26/ses-01/beh/sub-26_ses-01_task-stim05_recording-ecg_physio.tsv.gz,sub-26/ses-01/eyetrack/sub-26_ses-01_task-stim05_pupil_eyetrack.tsv.gz,sub-26/ses-01/eeg/sub-26_ses-01_task-stim05_events.tsv
bbbd_experiment3,sub-26,ses-01,stim06,1,True,True,True,True,64,,sub-26/ses-01/eeg/sub-26_ses-01_task-stim06_eeg.bdf,sub-26/ses-01/eeg/sub-26_ses-01_task-stim06_channels.tsv,sub-26/ses-01/beh/sub-26_ses-01_task-stim06_recording-ecg_physio.tsv.gz,sub-26/ses-01/eyetrack/sub-26_ses-01_task-stim06_pupil_eyetrack.tsv.gz,sub-26/ses-01/eeg/sub-26_ses-01_task-stim06_events.tsv
bbbd_experiment3,sub-26,ses-02,stim01,0,True,True,True,True,64,,sub-26/ses-02/eeg/sub-26_ses-02_task-stim01_eeg.bdf,sub-26/ses-02/eeg/sub-26_ses-02_task-stim01_channels.tsv,sub-26/ses-02/beh/sub-26_ses-02_task-stim01_recording-ecg_physio.tsv.gz,sub-26/ses-02/eyetrack/sub-26_ses-02_task-stim01_pupil_eyetrack.tsv.gz,sub-26/ses-02/eeg/sub-26_ses-02_task-stim01_events.tsv
bbbd_experiment3,sub-26,ses-02,stim02,0,True,True,True,True,64,,sub-26/ses-02/eeg/sub-26_ses-02_task-stim02_eeg.bdf,sub-26/ses-02/eeg/sub-26_ses-02_task-stim02_channels.tsv,sub-26/ses-02/beh/sub-26_ses-02_task-stim02_recording-ecg_physio.tsv.gz,sub-26/ses-02/eyetrack/sub-26_ses-02_task-stim02_pupil_eyetrack.tsv.gz,sub-26/ses-02/eeg/sub-26_ses-02_task-stim02_events.tsv
bbbd_experiment3,sub-26,ses-02,stim03,0,True,True,True,True,64,,sub-26/ses-02/eeg/sub-26_ses-02_task-stim03_eeg.bdf,sub-26/ses-02/eeg/sub-26_ses-02_task-stim03_channels.tsv,sub-26/ses-02/beh/sub-26_ses-02_task-stim03_recording-ecg_physio.tsv.gz,sub-26/ses-02/eyetrack/sub-26_ses-02_task-stim03_pupil_eyetrack.tsv.gz,sub-26/ses-02/eeg/sub-26_ses-02_task-stim03_events.tsv
bbbd_experiment3,sub-26,ses-02,stim04,0,True,True,True,True,64,,sub-26/ses-02/eeg/sub-26_ses-02_task-stim04_eeg.bdf,sub-26/ses-02/eeg/sub-26_ses-02_task-stim04_channels.tsv,sub-26/ses-02/beh/sub-26_ses-02_task-stim04_recording-ecg_physio.tsv.gz,sub-26/ses-02/eyetrack/sub-26_ses-02_task-stim04_pupil_eyetrack.tsv.gz,sub-26/ses-02/eeg/sub-26_ses-02_task-stim04_events.tsv
bbbd_experiment3,sub-26,ses-02,stim05,0,True,True,True,True,64,,sub-26/ses-02/eeg/sub-26_ses-02_task-stim05_eeg.bdf,sub-26/ses-02/eeg/sub-26_ses-02_task-stim05_channels.tsv,sub-26/ses-02/beh/sub-26_ses-02_task-stim05_recording-ecg_physio.tsv.gz,sub-26/ses-02/eyetrack/sub-26_ses-02_task-stim05_pupil_eyetrack.tsv.gz,sub-26/ses-02/eeg/sub-26_ses-02_task-stim05_events.tsv
bbbd_experiment3,sub-26,ses-02,stim06,0,True,True,True,True,64,,sub-26/ses-02/eeg/sub-26_ses-02_task-stim06_eeg.bdf,sub-26/ses-02/eeg/sub-26_ses-02_task-stim06_channels.tsv,sub-26/ses-02/beh/sub-26_ses-02_task-stim06_recording-ecg_physio.tsv.gz,sub-26/ses-02/eyetrack/sub-26_ses-02_task-stim06_pupil_eyetrack.tsv.gz,sub-26/ses-02/eeg/sub-26_ses-02_task-stim06_events.tsv
bbbd_experiment3,sub-27,ses-01,stim01,1,True,True,True,True,64,,sub-27/ses-01/eeg/sub-27_ses-01_task-stim01_eeg.bdf,sub-27/ses-01/eeg/sub-27_ses-01_task-stim01_channels.tsv,sub-27/ses-01/beh/sub-27_ses-01_task-stim01_recording-ecg_physio.tsv.gz,sub-27/ses-01/eyetrack/sub-27_ses-01_task-stim01_pupil_eyetrack.tsv.gz,sub-27/ses-01/eeg/sub-27_ses-01_task-stim01_events.tsv
bbbd_experiment3,sub-27,ses-01,stim02,1,True,True,True,True,64,,sub-27/ses-01/eeg/sub-27_ses-01_task-stim02_eeg.bdf,sub-27/ses-01/eeg/sub-27_ses-01_task-stim02_channels.tsv,sub-27/ses-01/beh/sub-27_ses-01_task-stim02_recording-ecg_physio.tsv.gz,sub-27/ses-01/eyetrack/sub-27_ses-01_task-stim02_pupil_eyetrack.tsv.gz,sub-27/ses-01/eeg/sub-27_ses-01_task-stim02_events.tsv
bbbd_experiment3,sub-27,ses-01,stim03,1,True,True,True,True,64,,sub-27/ses-01/eeg/sub-27_ses-01_task-stim03_eeg.bdf,sub-27/ses-01/eeg/sub-27_ses-01_task-stim03_channels.tsv,sub-27/ses-01/beh/sub-27_ses-01_task-stim03_recording-ecg_physio.tsv.gz,sub-27/ses-01/eyetrack/sub-27_ses-01_task-stim03_pupil_eyetrack.tsv.gz,sub-27/ses-01/eeg/sub-27_ses-01_task-stim03_events.tsv
bbbd_experiment3,sub-27,ses-01,stim04,1,True,True,True,True,64,,sub-27/ses-01/eeg/sub-27_ses-01_task-stim04_eeg.bdf,sub-27/ses-01/eeg/sub-27_ses-01_task-stim04_channels.tsv,sub-27/ses-01/beh/sub-27_ses-01_task-stim04_recording-ecg_physio.tsv.gz,sub-27/ses-01/eyetrack/sub-27_ses-01_task-stim04_pupil_eyetrack.tsv.gz,sub-27/ses-01/eeg/sub-27_ses-01_task-stim04_events.tsv
bbbd_experiment3,sub-27,ses-01,stim05,1,True,True,True,True,64,,sub-27/ses-01/eeg/sub-27_ses-01_task-stim05_eeg.bdf,sub-27/ses-01/eeg/sub-27_ses-01_task-stim05_channels.tsv,sub-27/ses-01/beh/sub-27_ses-01_task-stim05_recording-ecg_physio.tsv.gz,sub-27/ses-01/eyetrack/sub-27_ses-01_task-stim05_pupil_eyetrack.tsv.gz,sub-27/ses-01/eeg/sub-27_ses-01_task-stim05_events.tsv
bbbd_experiment3,sub-27,ses-01,stim06,1,True,True,True,True,64,,sub-27/ses-01/eeg/sub-27_ses-01_task-stim06_eeg.bdf,sub-27/ses-01/eeg/sub-27_ses-01_task-stim06_channels.tsv,sub-27/ses-01/beh/sub-27_ses-01_task-stim06_recording-ecg_physio.tsv.gz,sub-27/ses-01/eyetrack/sub-27_ses-01_task-stim06_pupil_eyetrack.tsv.gz,sub-27/ses-01/eeg/sub-27_ses-01_task-stim06_events.tsv
bbbd_experiment3,sub-27,ses-02,stim01,0,True,True,True,True,64,,sub-27/ses-02/eeg/sub-27_ses-02_task-stim01_eeg.bdf,sub-27/ses-02/eeg/sub-27_ses-02_task-stim01_channels.tsv,sub-27/ses-02/beh/sub-27_ses-02_task-stim01_recording-ecg_physio.tsv.gz,sub-27/ses-02/eyetrack/sub-27_ses-02_task-stim01_pupil_eyetrack.tsv.gz,sub-27/ses-02/eeg/sub-27_ses-02_task-stim01_events.tsv
bbbd_experiment3,sub-27,ses-02,stim02,0,True,True,True,True,64,,sub-27/ses-02/eeg/sub-27_ses-02_task-stim02_eeg.bdf,sub-27/ses-02/eeg/sub-27_ses-02_task-stim02_channels.tsv,sub-27/ses-02/beh/sub-27_ses-02_task-stim02_recording-ecg_physio.tsv.gz,sub-27/ses-02/eyetrack/sub-27_ses-02_task-stim02_pupil_eyetrack.tsv.gz,sub-27/ses-02/eeg/sub-27_ses-02_task-stim02_events.tsv
bbbd_experiment3,sub-27,ses-02,stim03,0,True,True,True,True,64,,sub-27/ses-02/eeg/sub-27_ses-02_task-stim03_eeg.bdf,sub-27/ses-02/eeg/sub-27_ses-02_task-stim03_channels.tsv,sub-27/ses-02/beh/sub-27_ses-02_task-stim03_recording-ecg_physio.tsv.gz,sub-27/ses-02/eyetrack/sub-27_ses-02_task-stim03_pupil_eyetrack.tsv.gz,sub-27/ses-02/eeg/sub-27_ses-02_task-stim03_events.tsv
bbbd_experiment3,sub-27,ses-02,stim04,0,True,True,True,True,64,,sub-27/ses-02/eeg/sub-27_ses-02_task-stim04_eeg.bdf,sub-27/ses-02/eeg/sub-27_ses-02_task-stim04_channels.tsv,sub-27/ses-02/beh/sub-27_ses-02_task-stim04_recording-ecg_physio.tsv.gz,sub-27/ses-02/eyetrack/sub-27_ses-02_task-stim04_pupil_eyetrack.tsv.gz,sub-27/ses-02/eeg/sub-27_ses-02_task-stim04_events.tsv
bbbd_experiment3,sub-27,ses-02,stim05,0,True,True,True,True,64,,sub-27/ses-02/eeg/sub-27_ses-02_task-stim05_eeg.bdf,sub-27/ses-02/eeg/sub-27_ses-02_task-stim05_channels.tsv,sub-27/ses-02/beh/sub-27_ses-02_task-stim05_recording-ecg_physio.tsv.gz,sub-27/ses-02/eyetrack/sub-27_ses-02_task-stim05_pupil_eyetrack.tsv.gz,sub-27/ses-02/eeg/sub-27_ses-02_task-stim05_events.tsv
bbbd_experiment3,sub-27,ses-02,stim06,0,True,True,True,True,64,,sub-27/ses-02/eeg/sub-27_ses-02_task-stim06_eeg.bdf,sub-27/ses-02/eeg/sub-27_ses-02_task-stim06_channels.tsv,sub-27/ses-02/beh/sub-27_ses-02_task-stim06_recording-ecg_physio.tsv.gz,sub-27/ses-02/eyetrack/sub-27_ses-02_task-stim06_pupil_eyetrack.tsv.gz,sub-27/ses-02/eeg/sub-27_ses-02_task-stim06_events.tsv
bbbd_experiment3,sub-28,ses-01,stim01,1,True,True,True,False,64,,sub-28/ses-01/eeg/sub-28_ses-01_task-stim01_eeg.bdf,sub-28/ses-01/eeg/sub-28_ses-01_task-stim01_channels.tsv,sub-28/ses-01/beh/sub-28_ses-01_task-stim01_recording-ecg_physio.tsv.gz,sub-28/ses-01/eyetrack/sub-28_ses-01_task-stim01_pupil_eyetrack.tsv.gz,sub-28/ses-01/eeg/sub-28_ses-01_task-stim01_events.tsv
bbbd_experiment3,sub-28,ses-01,stim02,1,True,True,True,False,64,,sub-28/ses-01/eeg/sub-28_ses-01_task-stim02_eeg.bdf,sub-28/ses-01/eeg/sub-28_ses-01_task-stim02_channels.tsv,sub-28/ses-01/beh/sub-28_ses-01_task-stim02_recording-ecg_physio.tsv.gz,sub-28/ses-01/eyetrack/sub-28_ses-01_task-stim02_pupil_eyetrack.tsv.gz,sub-28/ses-01/eeg/sub-28_ses-01_task-stim02_events.tsv
bbbd_experiment3,sub-28,ses-01,stim03,1,False,False,False,False,0,AF7;Fp1;Fpz;Fp2;AF8;O1;POz;O2,,,sub-28/ses-01/beh/sub-28_ses-01_task-stim03_recording-ecg_physio.tsv.gz,sub-28/ses-01/eyetrack/sub-28_ses-01_task-stim03_pupil_eyetrack.tsv.gz,
bbbd_experiment3,sub-28,ses-01,stim04,1,True,True,True,False,64,,sub-28/ses-01/eeg/sub-28_ses-01_task-stim04_eeg.bdf,sub-28/ses-01/eeg/sub-28_ses-01_task-stim04_channels.tsv,sub-28/ses-01/beh/sub-28_ses-01_task-stim04_recording-ecg_physio.tsv.gz,sub-28/ses-01/eyetrack/sub-28_ses-01_task-stim04_pupil_eyetrack.tsv.gz,sub-28/ses-01/eeg/sub-28_ses-01_task-stim04_events.tsv
bbbd_experiment3,sub-28,ses-01,stim05,1,True,True,True,False,64,,sub-28/ses-01/eeg/sub-28_ses-01_task-stim05_eeg.bdf,sub-28/ses-01/eeg/sub-28_ses-01_task-stim05_channels.tsv,sub-28/ses-01/beh/sub-28_ses-01_task-stim05_recording-ecg_physio.tsv.gz,sub-28/ses-01/eyetrack/sub-28_ses-01_task-stim05_pupil_eyetrack.tsv.gz,sub-28/ses-01/eeg/sub-28_ses-01_task-stim05_events.tsv
bbbd_experiment3,sub-28,ses-01,stim06,1,True,True,True,False,64,,sub-28/ses-01/eeg/sub-28_ses-01_task-stim06_eeg.bdf,sub-28/ses-01/eeg/sub-28_ses-01_task-stim06_channels.tsv,sub-28/ses-01/beh/sub-28_ses-01_task-stim06_recording-ecg_physio.tsv.gz,sub-28/ses-01/eyetrack/sub-28_ses-01_task-stim06_pupil_eyetrack.tsv.gz,sub-28/ses-01/eeg/sub-28_ses-01_task-stim06_events.tsv
bbbd_experiment3,sub-28,ses-02,stim01,0,True,True,True,False,64,,sub-28/ses-02/eeg/sub-28_ses-02_task-stim01_eeg.bdf,sub-28/ses-02/eeg/sub-28_ses-02_task-stim01_channels.tsv,sub-28/ses-02/beh/sub-28_ses-02_task-stim01_recording-ecg_physio.tsv.gz,sub-28/ses-02/eyetrack/sub-28_ses-02_task-stim01_pupil_eyetrack.tsv.gz,sub-28/ses-02/eeg/sub-28_ses-02_task-stim01_events.tsv
bbbd_experiment3,sub-28,ses-02,stim02,0,True,True,True,False,64,,sub-28/ses-02/eeg/sub-28_ses-02_task-stim02_eeg.bdf,sub-28/ses-02/eeg/sub-28_ses-02_task-stim02_channels.tsv,sub-28/ses-02/beh/sub-28_ses-02_task-stim02_recording-ecg_physio.tsv.gz,sub-28/ses-02/eyetrack/sub-28_ses-02_task-stim02_pupil_eyetrack.tsv.gz,sub-28/ses-02/eeg/sub-28_ses-02_task-stim02_events.tsv
bbbd_experiment3,sub-28,ses-02,stim03,0,True,True,True,False,64,,sub-28/ses-02/eeg/sub-28_ses-02_task-stim03_eeg.bdf,sub-28/ses-02/eeg/sub-28_ses-02_task-stim03_channels.tsv,sub-28/ses-02/beh/sub-28_ses-02_task-stim03_recording-ecg_physio.tsv.gz,sub-28/ses-02/eyetrack/sub-28_ses-02_task-stim03_pupil_eyetrack.tsv.gz,sub-28/ses-02/eeg/sub-28_ses-02_task-stim03_events.tsv
bbbd_experiment3,sub-28,ses-02,stim04,0,True,True,True,False,64,,sub-28/ses-02/eeg/sub-28_ses-02_task-stim04_eeg.bdf,sub-28/ses-02/eeg/sub-28_ses-02_task-stim04_channels.tsv,sub-28/ses-02/beh/sub-28_ses-02_task-stim04_recording-ecg_physio.tsv.gz,sub-28/ses-02/eyetrack/sub-28_ses-02_task-stim04_pupil_eyetrack.tsv.gz,sub-28/ses-02/eeg/sub-28_ses-02_task-stim04_events.tsv
bbbd_experiment3,sub-28,ses-02,stim05,0,True,True,True,False,64,,sub-28/ses-02/eeg/sub-28_ses-02_task-stim05_eeg.bdf,sub-28/ses-02/eeg/sub-28_ses-02_task-stim05_channels.tsv,sub-28/ses-02/beh/sub-28_ses-02_task-stim05_recording-ecg_physio.tsv.gz,sub-28/ses-02/eyetrack/sub-28_ses-02_task-stim05_pupil_eyetrack.tsv.gz,sub-28/ses-02/eeg/sub-28_ses-02_task-stim05_events.tsv
bbbd_experiment3,sub-28,ses-02,stim06,0,True,True,True,False,64,,sub-28/ses-02/eeg/sub-28_ses-02_task-stim06_eeg.bdf,sub-28/ses-02/eeg/sub-28_ses-02_task-stim06_channels.tsv,sub-28/ses-02/beh/sub-28_ses-02_task-stim06_recording-ecg_physio.tsv.gz,sub-28/ses-02/eyetrack/sub-28_ses-02_task-stim06_pupil_eyetrack.tsv.gz,sub-28/ses-02/eeg/sub-28_ses-02_task-stim06_events.tsv
bbbd_experiment3,sub-29,ses-01,stim01,1,True,True,True,True,64,,sub-29/ses-01/eeg/sub-29_ses-01_task-stim01_eeg.bdf,sub-29/ses-01/eeg/sub-29_ses-01_task-stim01_channels.tsv,sub-29/ses-01/beh/sub-29_ses-01_task-stim01_recording-ecg_physio.tsv.gz,sub-29/ses-01/eyetrack/sub-29_ses-01_task-stim01_pupil_eyetrack.tsv.gz,sub-29/ses-01/eeg/sub-29_ses-01_task-stim01_events.tsv
bbbd_experiment3,sub-29,ses-01,stim02,1,True,True,True,True,64,,sub-29/ses-01/eeg/sub-29_ses-01_task-stim02_eeg.bdf,sub-29/ses-01/eeg/sub-29_ses-01_task-stim02_channels.tsv,sub-29/ses-01/beh/sub-29_ses-01_task-stim02_recording-ecg_physio.tsv.gz,sub-29/ses-01/eyetrack/sub-29_ses-01_task-stim02_pupil_eyetrack.tsv.gz,sub-29/ses-01/eeg/sub-29_ses-01_task-stim02_events.tsv
bbbd_experiment3,sub-29,ses-01,stim03,1,True,True,True,True,64,,sub-29/ses-01/eeg/sub-29_ses-01_task-stim03_eeg.bdf,sub-29/ses-01/eeg/sub-29_ses-01_task-stim03_channels.tsv,sub-29/ses-01/beh/sub-29_ses-01_task-stim03_recording-ecg_physio.tsv.gz,sub-29/ses-01/eyetrack/sub-29_ses-01_task-stim03_pupil_eyetrack.tsv.gz,sub-29/ses-01/eeg/sub-29_ses-01_task-stim03_events.tsv
bbbd_experiment3,sub-29,ses-01,stim04,1,True,True,True,True,64,,sub-29/ses-01/eeg/sub-29_ses-01_task-stim04_eeg.bdf,sub-29/ses-01/eeg/sub-29_ses-01_task-stim04_channels.tsv,sub-29/ses-01/beh/sub-29_ses-01_task-stim04_recording-ecg_physio.tsv.gz,sub-29/ses-01/eyetrack/sub-29_ses-01_task-stim04_pupil_eyetrack.tsv.gz,sub-29/ses-01/eeg/sub-29_ses-01_task-stim04_events.tsv
bbbd_experiment3,sub-29,ses-01,stim05,1,True,True,True,True,64,,sub-29/ses-01/eeg/sub-29_ses-01_task-stim05_eeg.bdf,sub-29/ses-01/eeg/sub-29_ses-01_task-stim05_channels.tsv,sub-29/ses-01/beh/sub-29_ses-01_task-stim05_recording-ecg_physio.tsv.gz,sub-29/ses-01/eyetrack/sub-29_ses-01_task-stim05_pupil_eyetrack.tsv.gz,sub-29/ses-01/eeg/sub-29_ses-01_task-stim05_events.tsv
bbbd_experiment3,sub-29,ses-01,stim06,1,True,True,True,True,64,,sub-29/ses-01/eeg/sub-29_ses-01_task-stim06_eeg.bdf,sub-29/ses-01/eeg/sub-29_ses-01_task-stim06_channels.tsv,sub-29/ses-01/beh/sub-29_ses-01_task-stim06_recording-ecg_physio.tsv.gz,sub-29/ses-01/eyetrack/sub-29_ses-01_task-stim06_pupil_eyetrack.tsv.gz,sub-29/ses-01/eeg/sub-29_ses-01_task-stim06_events.tsv
bbbd_experiment3,sub-29,ses-02,stim01,0,True,True,True,True,64,,sub-29/ses-02/eeg/sub-29_ses-02_task-stim01_eeg.bdf,sub-29/ses-02/eeg/sub-29_ses-02_task-stim01_channels.tsv,sub-29/ses-02/beh/sub-29_ses-02_task-stim01_recording-ecg_physio.tsv.gz,sub-29/ses-02/eyetrack/sub-29_ses-02_task-stim01_pupil_eyetrack.tsv.gz,sub-29/ses-02/eeg/sub-29_ses-02_task-stim01_events.tsv
bbbd_experiment3,sub-29,ses-02,stim02,0,True,True,True,True,64,,sub-29/ses-02/eeg/sub-29_ses-02_task-stim02_eeg.bdf,sub-29/ses-02/eeg/sub-29_ses-02_task-stim02_channels.tsv,sub-29/ses-02/beh/sub-29_ses-02_task-stim02_recording-ecg_physio.tsv.gz,sub-29/ses-02/eyetrack/sub-29_ses-02_task-stim02_pupil_eyetrack.tsv.gz,sub-29/ses-02/eeg/sub-29_ses-02_task-stim02_events.tsv
bbbd_experiment3,sub-29,ses-02,stim03,0,True,True,True,True,64,,sub-29/ses-02/eeg/sub-29_ses-02_task-stim03_eeg.bdf,sub-29/ses-02/eeg/sub-29_ses-02_task-stim03_channels.tsv,sub-29/ses-02/beh/sub-29_ses-02_task-stim03_recording-ecg_physio.tsv.gz,sub-29/ses-02/eyetrack/sub-29_ses-02_task-stim03_pupil_eyetrack.tsv.gz,sub-29/ses-02/eeg/sub-29_ses-02_task-stim03_events.tsv
bbbd_experiment3,sub-29,ses-02,stim04,0,True,True,True,True,64,,sub-29/ses-02/eeg/sub-29_ses-02_task-stim04_eeg.bdf,sub-29/ses-02/eeg/sub-29_ses-02_task-stim04_channels.tsv,sub-29/ses-02/beh/sub-29_ses-02_task-stim04_recording-ecg_physio.tsv.gz,sub-29/ses-02/eyetrack/sub-29_ses-02_task-stim04_pupil_eyetrack.tsv.gz,sub-29/ses-02/eeg/sub-29_ses-02_task-stim04_events.tsv
bbbd_experiment3,sub-29,ses-02,stim05,0,True,True,True,True,64,,sub-29/ses-02/eeg/sub-29_ses-02_task-stim05_eeg.bdf,sub-29/ses-02/eeg/sub-29_ses-02_task-stim05_channels.tsv,sub-29/ses-02/beh/sub-29_ses-02_task-stim05_recording-ecg_physio.tsv.gz,sub-29/ses-02/eyetrack/sub-29_ses-02_task-stim05_pupil_eyetrack.tsv.gz,sub-29/ses-02/eeg/sub-29_ses-02_task-stim05_events.tsv
bbbd_experiment3,sub-29,ses-02,stim06,0,True,True,True,True,64,,sub-29/ses-02/eeg/sub-29_ses-02_task-stim06_eeg.bdf,sub-29/ses-02/eeg/sub-29_ses-02_task-stim06_channels.tsv,sub-29/ses-02/beh/sub-29_ses-02_task-stim06_recording-ecg_physio.tsv.gz,sub-29/ses-02/eyetrack/sub-29_ses-02_task-stim06_pupil_eyetrack.tsv.gz,sub-29/ses-02/eeg/sub-29_ses-02_task-stim06_events.tsv
bbbd_experiment3,sub-30,ses-01,stim01,1,True,True,True,False,64,,sub-30/ses-01/eeg/sub-30_ses-01_task-stim01_eeg.bdf,sub-30/ses-01/eeg/sub-30_ses-01_task-stim01_channels.tsv,sub-30/ses-01/beh/sub-30_ses-01_task-stim01_recording-ecg_physio.tsv.gz,sub-30/ses-01/eyetrack/sub-30_ses-01_task-stim01_pupil_eyetrack.tsv.gz,sub-30/ses-01/eeg/sub-30_ses-01_task-stim01_events.tsv
bbbd_experiment3,sub-30,ses-01,stim02,1,True,True,True,False,64,,sub-30/ses-01/eeg/sub-30_ses-01_task-stim02_eeg.bdf,sub-30/ses-01/eeg/sub-30_ses-01_task-stim02_channels.tsv,sub-30/ses-01/beh/sub-30_ses-01_task-stim02_recording-ecg_physio.tsv.gz,sub-30/ses-01/eyetrack/sub-30_ses-01_task-stim02_pupil_eyetrack.tsv.gz,sub-30/ses-01/eeg/sub-30_ses-01_task-stim02_events.tsv
bbbd_experiment3,sub-30,ses-01,stim03,1,True,True,True,False,64,,sub-30/ses-01/eeg/sub-30_ses-01_task-stim03_eeg.bdf,sub-30/ses-01/eeg/sub-30_ses-01_task-stim03_channels.tsv,sub-30/ses-01/beh/sub-30_ses-01_task-stim03_recording-ecg_physio.tsv.gz,sub-30/ses-01/eyetrack/sub-30_ses-01_task-stim03_pupil_eyetrack.tsv.gz,sub-30/ses-01/eeg/sub-30_ses-01_task-stim03_events.tsv
bbbd_experiment3,sub-30,ses-01,stim04,1,True,True,True,False,64,,sub-30/ses-01/eeg/sub-30_ses-01_task-stim04_eeg.bdf,sub-30/ses-01/eeg/sub-30_ses-01_task-stim04_channels.tsv,sub-30/ses-01/beh/sub-30_ses-01_task-stim04_recording-ecg_physio.tsv.gz,sub-30/ses-01/eyetrack/sub-30_ses-01_task-stim04_pupil_eyetrack.tsv.gz,sub-30/ses-01/eeg/sub-30_ses-01_task-stim04_events.tsv
bbbd_experiment3,sub-30,ses-01,stim05,1,False,False,False,False,0,AF7;Fp1;Fpz;Fp2;AF8;O1;POz;O2,,,sub-30/ses-01/beh/sub-30_ses-01_task-stim05_recording-ecg_physio.tsv.gz,sub-30/ses-01/eyetrack/sub-30_ses-01_task-stim05_pupil_eyetrack.tsv.gz,
bbbd_experiment3,sub-30,ses-01,stim06,1,True,True,True,False,64,,sub-30/ses-01/eeg/sub-30_ses-01_task-stim06_eeg.bdf,sub-30/ses-01/eeg/sub-30_ses-01_task-stim06_channels.tsv,sub-30/ses-01/beh/sub-30_ses-01_task-stim06_recording-ecg_physio.tsv.gz,sub-30/ses-01/eyetrack/sub-30_ses-01_task-stim06_pupil_eyetrack.tsv.gz,sub-30/ses-01/eeg/sub-30_ses-01_task-stim06_events.tsv
bbbd_experiment3,sub-30,ses-02,stim01,0,True,True,True,False,64,,sub-30/ses-02/eeg/sub-30_ses-02_task-stim01_eeg.bdf,sub-30/ses-02/eeg/sub-30_ses-02_task-stim01_channels.tsv,sub-30/ses-02/beh/sub-30_ses-02_task-stim01_recording-ecg_physio.tsv.gz,sub-30/ses-02/eyetrack/sub-30_ses-02_task-stim01_pupil_eyetrack.tsv.gz,sub-30/ses-02/eeg/sub-30_ses-02_task-stim01_events.tsv
bbbd_experiment3,sub-30,ses-02,stim02,0,True,True,True,False,64,,sub-30/ses-02/eeg/sub-30_ses-02_task-stim02_eeg.bdf,sub-30/ses-02/eeg/sub-30_ses-02_task-stim02_channels.tsv,sub-30/ses-02/beh/sub-30_ses-02_task-stim02_recording-ecg_physio.tsv.gz,sub-30/ses-02/eyetrack/sub-30_ses-02_task-stim02_pupil_eyetrack.tsv.gz,sub-30/ses-02/eeg/sub-30_ses-02_task-stim02_events.tsv
bbbd_experiment3,sub-30,ses-02,stim03,0,True,True,True,False,64,,sub-30/ses-02/eeg/sub-30_ses-02_task-stim03_eeg.bdf,sub-30/ses-02/eeg/sub-30_ses-02_task-stim03_channels.tsv,sub-30/ses-02/beh/sub-30_ses-02_task-stim03_recording-ecg_physio.tsv.gz,sub-30/ses-02/eyetrack/sub-30_ses-02_task-stim03_pupil_eyetrack.tsv.gz,sub-30/ses-02/eeg/sub-30_ses-02_task-stim03_events.tsv
bbbd_experiment3,sub-30,ses-02,stim04,0,True,True,True,False,64,,sub-30/ses-02/eeg/sub-30_ses-02_task-stim04_eeg.bdf,sub-30/ses-02/eeg/sub-30_ses-02_task-stim04_channels.tsv,sub-30/ses-02/beh/sub-30_ses-02_task-stim04_recording-ecg_physio.tsv.gz,sub-30/ses-02/eyetrack/sub-30_ses-02_task-stim04_pupil_eyetrack.tsv.gz,sub-30/ses-02/eeg/sub-30_ses-02_task-stim04_events.tsv
bbbd_experiment3,sub-30,ses-02,stim05,0,True,True,True,False,64,,sub-30/ses-02/eeg/sub-30_ses-02_task-stim05_eeg.bdf,sub-30/ses-02/eeg/sub-30_ses-02_task-stim05_channels.tsv,sub-30/ses-02/beh/sub-30_ses-02_task-stim05_recording-ecg_physio.tsv.gz,sub-30/ses-02/eyetrack/sub-30_ses-02_task-stim05_pupil_eyetrack.tsv.gz,sub-30/ses-02/eeg/sub-30_ses-02_task-stim05_events.tsv
bbbd_experiment3,sub-30,ses-02,stim06,0,True,True,True,False,64,,sub-30/ses-02/eeg/sub-30_ses-02_task-stim06_eeg.bdf,sub-30/ses-02/eeg/sub-30_ses-02_task-stim06_channels.tsv,sub-30/ses-02/beh/sub-30_ses-02_task-stim06_recording-ecg_physio.tsv.gz,sub-30/ses-02/eyetrack/sub-30_ses-02_task-stim06_pupil_eyetrack.tsv.gz,sub-30/ses-02/eeg/sub-30_ses-02_task-stim06_events.tsv
bbbd_experiment3,sub-31,ses-01,stim01,1,True,True,True,True,64,,sub-31/ses-01/eeg/sub-31_ses-01_task-stim01_eeg.bdf,sub-31/ses-01/eeg/sub-31_ses-01_task-stim01_channels.tsv,sub-31/ses-01/beh/sub-31_ses-01_task-stim01_recording-ecg_physio.tsv.gz,sub-31/ses-01/eyetrack/sub-31_ses-01_task-stim01_pupil_eyetrack.tsv.gz,sub-31/ses-01/eeg/sub-31_ses-01_task-stim01_events.tsv
bbbd_experiment3,sub-31,ses-01,stim02,1,True,True,True,True,64,,sub-31/ses-01/eeg/sub-31_ses-01_task-stim02_eeg.bdf,sub-31/ses-01/eeg/sub-31_ses-01_task-stim02_channels.tsv,sub-31/ses-01/beh/sub-31_ses-01_task-stim02_recording-ecg_physio.tsv.gz,sub-31/ses-01/eyetrack/sub-31_ses-01_task-stim02_pupil_eyetrack.tsv.gz,sub-31/ses-01/eeg/sub-31_ses-01_task-stim02_events.tsv
bbbd_experiment3,sub-31,ses-01,stim03,1,True,True,True,True,64,,sub-31/ses-01/eeg/sub-31_ses-01_task-stim03_eeg.bdf,sub-31/ses-01/eeg/sub-31_ses-01_task-stim03_channels.tsv,sub-31/ses-01/beh/sub-31_ses-01_task-stim03_recording-ecg_physio.tsv.gz,sub-31/ses-01/eyetrack/sub-31_ses-01_task-stim03_pupil_eyetrack.tsv.gz,sub-31/ses-01/eeg/sub-31_ses-01_task-stim03_events.tsv
bbbd_experiment3,sub-31,ses-01,stim04,1,True,True,True,True,64,,sub-31/ses-01/eeg/sub-31_ses-01_task-stim04_eeg.bdf,sub-31/ses-01/eeg/sub-31_ses-01_task-stim04_channels.tsv,sub-31/ses-01/beh/sub-31_ses-01_task-stim04_recording-ecg_physio.tsv.gz,sub-31/ses-01/eyetrack/sub-31_ses-01_task-stim04_pupil_eyetrack.tsv.gz,sub-31/ses-01/eeg/sub-31_ses-01_task-stim04_events.tsv
bbbd_experiment3,sub-31,ses-01,stim05,1,True,True,True,True,64,,sub-31/ses-01/eeg/sub-31_ses-01_task-stim05_eeg.bdf,sub-31/ses-01/eeg/sub-31_ses-01_task-stim05_channels.tsv,sub-31/ses-01/beh/sub-31_ses-01_task-stim05_recording-ecg_physio.tsv.gz,sub-31/ses-01/eyetrack/sub-31_ses-01_task-stim05_pupil_eyetrack.tsv.gz,sub-31/ses-01/eeg/sub-31_ses-01_task-stim05_events.tsv
bbbd_experiment3,sub-31,ses-01,stim06,1,True,True,True,True,64,,sub-31/ses-01/eeg/sub-31_ses-01_task-stim06_eeg.bdf,sub-31/ses-01/eeg/sub-31_ses-01_task-stim06_channels.tsv,sub-31/ses-01/beh/sub-31_ses-01_task-stim06_recording-ecg_physio.tsv.gz,sub-31/ses-01/eyetrack/sub-31_ses-01_task-stim06_pupil_eyetrack.tsv.gz,sub-31/ses-01/eeg/sub-31_ses-01_task-stim06_events.tsv
bbbd_experiment3,sub-31,ses-02,stim01,0,True,True,True,True,64,,sub-31/ses-02/eeg/sub-31_ses-02_task-stim01_eeg.bdf,sub-31/ses-02/eeg/sub-31_ses-02_task-stim01_channels.tsv,sub-31/ses-02/beh/sub-31_ses-02_task-stim01_recording-ecg_physio.tsv.gz,sub-31/ses-02/eyetrack/sub-31_ses-02_task-stim01_pupil_eyetrack.tsv.gz,sub-31/ses-02/eeg/sub-31_ses-02_task-stim01_events.tsv
bbbd_experiment3,sub-31,ses-02,stim02,0,True,True,True,True,64,,sub-31/ses-02/eeg/sub-31_ses-02_task-stim02_eeg.bdf,sub-31/ses-02/eeg/sub-31_ses-02_task-stim02_channels.tsv,sub-31/ses-02/beh/sub-31_ses-02_task-stim02_recording-ecg_physio.tsv.gz,sub-31/ses-02/eyetrack/sub-31_ses-02_task-stim02_pupil_eyetrack.tsv.gz,sub-31/ses-02/eeg/sub-31_ses-02_task-stim02_events.tsv
bbbd_experiment3,sub-31,ses-02,stim03,0,True,True,True,True,64,,sub-31/ses-02/eeg/sub-31_ses-02_task-stim03_eeg.bdf,sub-31/ses-02/eeg/sub-31_ses-02_task-stim03_channels.tsv,sub-31/ses-02/beh/sub-31_ses-02_task-stim03_recording-ecg_physio.tsv.gz,sub-31/ses-02/eyetrack/sub-31_ses-02_task-stim03_pupil_eyetrack.tsv.gz,sub-31/ses-02/eeg/sub-31_ses-02_task-stim03_events.tsv
bbbd_experiment3,sub-31,ses-02,stim04,0,True,True,True,True,64,,sub-31/ses-02/eeg/sub-31_ses-02_task-stim04_eeg.bdf,sub-31/ses-02/eeg/sub-31_ses-02_task-stim04_channels.tsv,sub-31/ses-02/beh/sub-31_ses-02_task-stim04_recording-ecg_physio.tsv.gz,sub-31/ses-02/eyetrack/sub-31_ses-02_task-stim04_pupil_eyetrack.tsv.gz,sub-31/ses-02/eeg/sub-31_ses-02_task-stim04_events.tsv
bbbd_experiment3,sub-31,ses-02,stim05,0,True,True,True,True,64,,sub-31/ses-02/eeg/sub-31_ses-02_task-stim05_eeg.bdf,sub-31/ses-02/eeg/sub-31_ses-02_task-stim05_channels.tsv,sub-31/ses-02/beh/sub-31_ses-02_task-stim05_recording-ecg_physio.tsv.gz,sub-31/ses-02/eyetrack/sub-31_ses-02_task-stim05_pupil_eyetrack.tsv.gz,sub-31/ses-02/eeg/sub-31_ses-02_task-stim05_events.tsv
bbbd_experiment3,sub-31,ses-02,stim06,0,True,True,True,True,64,,sub-31/ses-02/eeg/sub-31_ses-02_task-stim06_eeg.bdf,sub-31/ses-02/eeg/sub-31_ses-02_task-stim06_channels.tsv,sub-31/ses-02/beh/sub-31_ses-02_task-stim06_recording-ecg_physio.tsv.gz,sub-31/ses-02/eyetrack/sub-31_ses-02_task-stim06_pupil_eyetrack.tsv.gz,sub-31/ses-02/eeg/sub-31_ses-02_task-stim06_events.tsv
bbbd_experiment3,sub-32,ses-01,stim01,1,True,True,True,False,64,,sub-32/ses-01/eeg/sub-32_ses-01_task-stim01_eeg.bdf,sub-32/ses-01/eeg/sub-32_ses-01_task-stim01_channels.tsv,sub-32/ses-01/beh/sub-32_ses-01_task-stim01_recording-ecg_physio.tsv.gz,sub-32/ses-01/eyetrack/sub-32_ses-01_task-stim01_pupil_eyetrack.tsv.gz,sub-32/ses-01/eeg/sub-32_ses-01_task-stim01_events.tsv
bbbd_experiment3,sub-32,ses-01,stim02,1,False,False,False,False,0,AF7;Fp1;Fpz;Fp2;AF8;O1;POz;O2,,,sub-32/ses-01/beh/sub-32_ses-01_task-stim02_recording-ecg_physio.tsv.gz,,
bbbd_experiment3,sub-32,ses-01,stim03,1,True,True,True,False,64,,sub-32/ses-01/eeg/sub-32_ses-01_task-stim03_eeg.bdf,sub-32/ses-01/eeg/sub-32_ses-01_task-stim03_channels.tsv,sub-32/ses-01/beh/sub-32_ses-01_task-stim03_recording-ecg_physio.tsv.gz,sub-32/ses-01/eyetrack/sub-32_ses-01_task-stim03_pupil_eyetrack.tsv.gz,sub-32/ses-01/eeg/sub-32_ses-01_task-stim03_events.tsv
bbbd_experiment3,sub-32,ses-01,stim04,1,True,True,True,False,64,,sub-32/ses-01/eeg/sub-32_ses-01_task-stim04_eeg.bdf,sub-32/ses-01/eeg/sub-32_ses-01_task-stim04_channels.tsv,sub-32/ses-01/beh/sub-32_ses-01_task-stim04_recording-ecg_physio.tsv.gz,sub-32/ses-01/eyetrack/sub-32_ses-01_task-stim04_pupil_eyetrack.tsv.gz,sub-32/ses-01/eeg/sub-32_ses-01_task-stim04_events.tsv
bbbd_experiment3,sub-32,ses-01,stim05,1,True,True,True,False,64,,sub-32/ses-01/eeg/sub-32_ses-01_task-stim05_eeg.bdf,sub-32/ses-01/eeg/sub-32_ses-01_task-stim05_channels.tsv,sub-32/ses-01/beh/sub-32_ses-01_task-stim05_recording-ecg_physio.tsv.gz,sub-32/ses-01/eyetrack/sub-32_ses-01_task-stim05_pupil_eyetrack.tsv.gz,sub-32/ses-01/eeg/sub-32_ses-01_task-stim05_events.tsv
bbbd_experiment3,sub-32,ses-01,stim06,1,True,True,True,False,64,,sub-32/ses-01/eeg/sub-32_ses-01_task-stim06_eeg.bdf,sub-32/ses-01/eeg/sub-32_ses-01_task-stim06_channels.tsv,sub-32/ses-01/beh/sub-32_ses-01_task-stim06_recording-ecg_physio.tsv.gz,sub-32/ses-01/eyetrack/sub-32_ses-01_task-stim06_pupil_eyetrack.tsv.gz,sub-32/ses-01/eeg/sub-32_ses-01_task-stim06_events.tsv
bbbd_experiment3,sub-32,ses-02,stim01,0,True,True,True,False,64,,sub-32/ses-02/eeg/sub-32_ses-02_task-stim01_eeg.bdf,sub-32/ses-02/eeg/sub-32_ses-02_task-stim01_channels.tsv,sub-32/ses-02/beh/sub-32_ses-02_task-stim01_recording-ecg_physio.tsv.gz,sub-32/ses-02/eyetrack/sub-32_ses-02_task-stim01_pupil_eyetrack.tsv.gz,sub-32/ses-02/eeg/sub-32_ses-02_task-stim01_events.tsv
bbbd_experiment3,sub-32,ses-02,stim02,0,True,True,True,False,64,,sub-32/ses-02/eeg/sub-32_ses-02_task-stim02_eeg.bdf,sub-32/ses-02/eeg/sub-32_ses-02_task-stim02_channels.tsv,sub-32/ses-02/beh/sub-32_ses-02_task-stim02_recording-ecg_physio.tsv.gz,sub-32/ses-02/eyetrack/sub-32_ses-02_task-stim02_pupil_eyetrack.tsv.gz,sub-32/ses-02/eeg/sub-32_ses-02_task-stim02_events.tsv
bbbd_experiment3,sub-32,ses-02,stim03,0,True,True,True,False,64,,sub-32/ses-02/eeg/sub-32_ses-02_task-stim03_eeg.bdf,sub-32/ses-02/eeg/sub-32_ses-02_task-stim03_channels.tsv,sub-32/ses-02/beh/sub-32_ses-02_task-stim03_recording-ecg_physio.tsv.gz,sub-32/ses-02/eyetrack/sub-32_ses-02_task-stim03_pupil_eyetrack.tsv.gz,sub-32/ses-02/eeg/sub-32_ses-02_task-stim03_events.tsv
bbbd_experiment3,sub-32,ses-02,stim04,0,True,True,True,False,64,,sub-32/ses-02/eeg/sub-32_ses-02_task-stim04_eeg.bdf,sub-32/ses-02/eeg/sub-32_ses-02_task-stim04_channels.tsv,sub-32/ses-02/beh/sub-32_ses-02_task-stim04_recording-ecg_physio.tsv.gz,sub-32/ses-02/eyetrack/sub-32_ses-02_task-stim04_pupil_eyetrack.tsv.gz,sub-32/ses-02/eeg/sub-32_ses-02_task-stim04_events.tsv
bbbd_experiment3,sub-32,ses-02,stim05,0,True,True,True,False,64,,sub-32/ses-02/eeg/sub-32_ses-02_task-stim05_eeg.bdf,sub-32/ses-02/eeg/sub-32_ses-02_task-stim05_channels.tsv,sub-32/ses-02/beh/sub-32_ses-02_task-stim05_recording-ecg_physio.tsv.gz,sub-32/ses-02/eyetrack/sub-32_ses-02_task-stim05_pupil_eyetrack.tsv.gz,sub-32/ses-02/eeg/sub-32_ses-02_task-stim05_events.tsv
bbbd_experiment3,sub-32,ses-02,stim06,0,True,True,True,False,64,,sub-32/ses-02/eeg/sub-32_ses-02_task-stim06_eeg.bdf,sub-32/ses-02/eeg/sub-32_ses-02_task-stim06_channels.tsv,sub-32/ses-02/beh/sub-32_ses-02_task-stim06_recording-ecg_physio.tsv.gz,sub-32/ses-02/eyetrack/sub-32_ses-02_task-stim06_pupil_eyetrack.tsv.gz,sub-32/ses-02/eeg/sub-32_ses-02_task-stim06_events.tsv
